/*
Navicat MySQL Data Transfer

Source Server         : localhost
Source Server Version : 50621
Source Host           : 127.0.0.1:3306
Source Database       : api12

Target Server Type    : MYSQL
Target Server Version : 50621
File Encoding         : 65001

Date: 2017-02-28 08:58:43
*/

SET FOREIGN_KEY_CHECKS=0;

-- ----------------------------
-- Table structure for company
-- ----------------------------
DROP TABLE IF EXISTS `company`;
CREATE TABLE `company` (
  `COMPANY_ID` varchar(32) NOT NULL COMMENT '公司编号',
  `COMPANY_NAME` varchar(32) DEFAULT NULL COMMENT '公司名称',
  `LOGO` varchar(128) DEFAULT NULL COMMENT '商标',
  PRIMARY KEY (`COMPANY_ID`)
) ENGINE=InnoDB DEFAULT CHARSET=utf8 COMMENT='用户_公司';

-- ----------------------------
-- Records of company
-- ----------------------------
INSERT INTO `company` VALUES ('2582B1DAF550485980F519096F3ACEC1', '易教空间', 'upload\\image\\201512\\10FAD135A27A42BC8D3EBB2D707C64CC.png');
INSERT INTO `company` VALUES ('506648FA0D344C84852FBDA254EDD2F1', 'SoonCode', null);
INSERT INTO `company` VALUES ('900912481B474A63A3104514E4EE3E22', 'he', null);

-- ----------------------------
-- Table structure for control
-- ----------------------------
DROP TABLE IF EXISTS `control`;
CREATE TABLE `control` (
  `CONTROL_ID` varchar(32) NOT NULL COMMENT '控制编号',
  `PROJECT_ID` varchar(32) DEFAULT NULL COMMENT '项目编号',
  `USER_ID` varchar(32) DEFAULT NULL COMMENT '用户编号',
  `OPERATION_ID` varchar(32) DEFAULT NULL COMMENT '操作编号',
  PRIMARY KEY (`CONTROL_ID`),
  KEY `FK_CONTROL_OPERATION_INDEPENDENT` (`OPERATION_ID`),
  KEY `FK_CONTROL_USER` (`USER_ID`),
  KEY `FK_CONTROL_PROJECT` (`PROJECT_ID`),
  CONSTRAINT `FK_CONTROL_OPERATION_INDEPENDENT` FOREIGN KEY (`OPERATION_ID`) REFERENCES `operation` (`OPERATION_ID`) ON DELETE SET NULL ON UPDATE SET NULL,
  CONSTRAINT `FK_CONTROL_PROJECT` FOREIGN KEY (`PROJECT_ID`) REFERENCES `project` (`PROJECT_ID`) ON DELETE SET NULL ON UPDATE SET NULL,
  CONSTRAINT `FK_CONTROL_USER` FOREIGN KEY (`USER_ID`) REFERENCES `user` (`USER_ID`) ON DELETE SET NULL ON UPDATE SET NULL
) ENGINE=InnoDB DEFAULT CHARSET=utf8 COMMENT='权限_控制_中间表';

-- ----------------------------
-- Records of control
-- ----------------------------
INSERT INTO `control` VALUES ('09D0422BB55B431480B336861208CDF2', '4FE95D26295846979FC1D07D3393B2C8', 'C3F90E82B1D9453E928AE3B5FF6128FC', '643D6526E23F4FF8A241499531144195');
INSERT INTO `control` VALUES ('12562B5032924A778A2E0C3422ED0724', '907B6C775A8640BE9710B929AFFCC551', '5E61536028934B1CB1EFEFA21FEE7A33', '643D6526E23F4FF8A241499531144195');
INSERT INTO `control` VALUES ('14BF06DFAB3A4015814F1176DDAF751D', '4FE95D26295846979FC1D07D3393B2C8', 'E971D853C7F6440EB8F9148D4939E22C', '643D6526E23F4FF8A241499531144195');
INSERT INTO `control` VALUES ('1AC077DC2F1A4D479040B2F6CFD2E2E1', '31660731DE4049E8BF5758EFAED068AF', '063223AF844946B28DEB05D86D00AF58', '8DAF951448FD4B73ADE2D86571F673EB');
INSERT INTO `control` VALUES ('5A6CB3155DCC403082879C0B8277A627', '31660731DE4049E8BF5758EFAED068AF', 'C3F90E82B1D9453E928AE3B5FF6128FC', '8DAF951448FD4B73ADE2D86571F673EB');
INSERT INTO `control` VALUES ('60B5FBA4129B47A2B94F621FE6D2F13B', '9B8AACB65185483DAADF914C26703FD9', '5E61536028934B1CB1EFEFA21FEE7A33', '8DAF951448FD4B73ADE2D86571F673EB');
INSERT INTO `control` VALUES ('697CB629928346F493DF3FBA61ED1666', 'E5D4A7CC7700467FBFF85AF25798DAFF', '7A386A60C2AA409CB5D7779A4895F3FD', '643D6526E23F4FF8A241499531144195');
INSERT INTO `control` VALUES ('8B8278CEB05D40E388FD9889B3D036F9', '37D589576C1A4F96B828C9CA648DB8F4', 'C3F90E82B1D9453E928AE3B5FF6128FC', '8DAF951448FD4B73ADE2D86571F673EB');
INSERT INTO `control` VALUES ('95C8967058904E5B950B4FB6DCF00FA4', 'E5D4A7CC7700467FBFF85AF25798DAFF', '063223AF844946B28DEB05D86D00AF58', '8DAF951448FD4B73ADE2D86571F673EB');
INSERT INTO `control` VALUES ('B38D3DCCDE5447F886E227E9E63CAF4C', '4FE95D26295846979FC1D07D3393B2C8', '5E61536028934B1CB1EFEFA21FEE7A33', '8DAF951448FD4B73ADE2D86571F673EB');
INSERT INTO `control` VALUES ('C32F759D7BCE4032906B0B7B6FB7952D', '19087A253E7C4E43961440D1720C27A2', '063223AF844946B28DEB05D86D00AF58', '8DAF951448FD4B73ADE2D86571F673EB');
INSERT INTO `control` VALUES ('C48140DFE49F4EAEBBCCA063B70175CC', '19087A253E7C4E43961440D1720C27A2', '7A386A60C2AA409CB5D7779A4895F3FD', '643D6526E23F4FF8A241499531144195');
INSERT INTO `control` VALUES ('CA75AC568C9E40EDBDD1FE3531C8487A', '543762007CDC4063B787AE4E71C14762', 'C3F90E82B1D9453E928AE3B5FF6128FC', '8DAF951448FD4B73ADE2D86571F673EB');
INSERT INTO `control` VALUES ('DBDB0C592FFB4CA8BC01BB9A3B5C0FD3', '9B8AACB65185483DAADF914C26703FD9', '30FAA95184264F2CB47CDF3911EDCD13', '643D6526E23F4FF8A241499531144195');
INSERT INTO `control` VALUES ('F4089648498F4F289A15A623B9686995', '9B8AACB65185483DAADF914C26703FD9', 'E971D853C7F6440EB8F9148D4939E22C', '8DAF951448FD4B73ADE2D86571F673EB');
INSERT INTO `control` VALUES ('FBB32338614645C8ABDDF3DAA0B29031', '5605C8B8E44540608B0D5CB0CADAA7B7', '0E61AD9A6CAE4B26A3B174021ED27CE4', '643D6526E23F4FF8A241499531144195');

-- ----------------------------
-- Table structure for email
-- ----------------------------
DROP TABLE IF EXISTS `email`;
CREATE TABLE `email` (
  `verification_id` varchar(32) NOT NULL COMMENT '验证编号',
  `email` varchar(128) DEFAULT NULL COMMENT '邮箱',
  `code` int(11) DEFAULT NULL COMMENT '验证码',
  PRIMARY KEY (`verification_id`)
) ENGINE=InnoDB DEFAULT CHARSET=utf8 COMMENT='验证_邮箱验证';

-- ----------------------------
-- Records of email
-- ----------------------------
INSERT INTO `email` VALUES ('90F5F5C257D74D3BAE24262178270534', '', '586078');
INSERT INTO `email` VALUES ('B0E8F4265558452D86F7840FEF4E0C18', 'hechenwe@gmail.com', '846688');
INSERT INTO `email` VALUES ('E8517FDA0CE94F01BDB80B5C81217ABC', '592794139@qq.com', '497032');

-- ----------------------------
-- Table structure for example
-- ----------------------------
DROP TABLE IF EXISTS `example`;
CREATE TABLE `example` (
  `EXAMPLE_ID` varchar(32) NOT NULL COMMENT '事例编号',
  `INTERFAC_ID` varchar(32) DEFAULT NULL COMMENT '接口_编号',
  `EXAMPLE_TYPE` varchar(32) DEFAULT NULL COMMENT '事例名称',
  `EXAMPLE_CONTENT` text COMMENT '事例内容',
  `CREAT_DATE` datetime DEFAULT NULL COMMENT '创建时间',
  `WEIGHT` int(11) DEFAULT NULL COMMENT '权重',
  PRIMARY KEY (`EXAMPLE_ID`),
  KEY `FK_EXAMPLE_INTERFACE` (`INTERFAC_ID`),
  CONSTRAINT `FK_EXAMPLE_INTERFACE` FOREIGN KEY (`INTERFAC_ID`) REFERENCES `interfac` (`INTERFAC_ID`) ON DELETE SET NULL ON UPDATE SET NULL
) ENGINE=InnoDB DEFAULT CHARSET=utf8 COMMENT='返回值_事例';

-- ----------------------------
-- Records of example
-- ----------------------------
INSERT INTO `example` VALUES ('0374881F7E134EB7917E154102255316', '276B85014DCA4347B5C3854862CFEA5A', 'SUCCESS', '{\"message\":1}', '2015-11-11 10:34:26', '1');
INSERT INTO `example` VALUES ('047A48279D2C4C77880EC7156E47A5FA', '09D6592DF9DC43D096736A23F5EBDAD3', 'SUCCESS', '{\"requestId\":\"b580a1f3-1323-406d-ac11-f12e4bda00ed\",\"httpCode\":\"200\",\"code\":\"SUCCESS\",\"message\":\"响应成功\",\"result\":{\"orderInfo\":\"_input_charset=utf-8&body=北京市 2016年高一下学期期末-学情诊断¬ify_url=http://220.249.22.170:8080/hxs_tutorship/zhifubao/zfbCallBack&out_trade_no=20160803144455000001&partner=2088511053262171&payment_type=1&seller_id=2088511053262171&service=mobile.securitypay.pay&sign=ObVYiDu9Xk8h6Xrdl6DtSjpxT2v5JAmTwbUVIIdwyfLssT6vNRtIpy4znEUtszmCFERB5rmMTSU39gP5nx8M9imEEEJQsf/aNlPBHejXZCffyhfVTmjcBMQPeRacIget26P+rLSX364nGssglGg+iCt05wB1c/QHvf7eULUHmgk=&sign_type=RSA&subject=北京市 2016年高一下学期期末-学情诊断&total_fee=1.00\",\"out_trade_no\":\"20160803144455000001\"}}', '2016-07-19 10:07:47', '1');
INSERT INTO `example` VALUES ('04E70B97A82F4BD7A181DA19D1A493FB', 'F4390F2CA77344DD999CB2FA066352BC', 'SUCCESS', '{\"requestId\":\"WEUOW343KL34L26NBSK3\",\"code\":\"Success\",\"message\":\"Success\",\"httpCode\":\"200\",\"result\":{\"isUpdate\":true}}', null, null);
INSERT INTO `example` VALUES ('0669AF50419A4513B10882E46916CECC', null, 'FAILURE', 's', '2015-12-15 10:02:35', '2');
INSERT INTO `example` VALUES ('06B1C808E83840528FBE88077F955DD9', 'A3B9F28552B0475581F84812A36B2A0F', 'SUCCESS', '{\"requestId\":\"SDFDW3F343JLKL3L5LN43J434\",\"code\":\"Success\",\"message\":\"Success\",\"httpCode\":\"200\",\"result\":{\"giveToStudent\":true}}', null, null);
INSERT INTO `example` VALUES ('086733E981024754B1B383EE88C0E410', 'BC947BC033794438B4E338AA5BF0B797', 'SUCCESS', '[{\"sort\":11,\"knowledge_name\":\"三角形\",\"grade_code\":\"22\",\"path\":\"6774\",\"ctb_code\":\"6774\",\"booktype_code\":\"958e8dabd3d64834b608aa90e5cc2cfd\",\"subject_code\":\"2\"},{\"sort\":12,\"knowledge_name\":\"全等三角形\",\"grade_code\":\"22\",\"path\":\"6775\",\"ctb_code\":\"6775\",\"booktype_code\":\"958e8dabd3d64834b608aa90e5cc2cfd\",\"subject_code\":\"2\"},{\"sort\":14,\"knowledge_name\":\"整式的乘法与因式分解\",\"grade_code\":\"22\",\"path\":\"6777\",\"ctb_code\":\"6777\",\"booktype_code\":\"958e8dabd3d64834b608aa90e5cc2cfd\",\"subject_code\":\"2\"},{\"sort\":15,\"knowledge_name\":\"分式\",\"grade_code\":\"22\",\"path\":\"6778\",\"ctb_code\":\"6778\",\"booktype_code\":\"958e8dabd3d64834b608aa90e5cc2cfd\",\"subject_code\":\"2\"},{\"sort\":13,\"knowledge_name\":\"轴对称\",\"grade_code\":\"22\",\"path\":\"6776\",\"ctb_code\":\"6776\",\"booktype_code\":\"958e8dabd3d64834b608aa90e5cc2cfd\",\"subject_code\":\"2\"}]', '2016-04-29 09:04:53', '1');
INSERT INTO `example` VALUES ('0956022676654E1E9B48BCFD63174981', '7804E28413444AA48C50D6F39706E4DD', 'FAILURE', '{\"message\":404}', '2015-11-18 10:04:31', '2');
INSERT INTO `example` VALUES ('0DF701ABED344ACD8123D54AD238D7D7', 'ADF64C4D8C4D464C9BF2680B5087FC8E', 'SUCCESS', '{\"266ce8b224f740f698f5db2ae5e15b68\":\"1\",\"3f3f3b5a92db4d1ea7467d1750a3d698\":\"1\",\"9596acbff9434160a38f39e951a59b79\":\"1\",\"currency\":300,\"experience\":160,\"rank\":1}', '2015-11-18 09:46:21', '1');
INSERT INTO `example` VALUES ('0F4B91E4097D4A6BB3487160DD8699FA', null, 'SUCCESS', '{\"requestId\":\"WEUOW343KL34L26NBSK3\",\"code\":\"Success\",\"message\":\"Success\",\"httpCode\":\"200\",\"result\":{\"weekTimes\":[{\"eduWeekTimeCode\":\"30A56BA2E71E4BE2BD5DD59BA044C1D6\",\"weekTimeName\":\"2017年 第1期\",\"weekStartTime\":1473609600000,\"weekEndTime\":1474791746000,\"weekNumber\":1},{\"eduWeekTimeCode\":\"3D5429CAFDD44724B5952F0DC62BB231\",\"weekTimeName\":\"2017年 第2期\",\"weekStartTime\":1474269817000,\"weekEndTime\":1475479417000,\"weekNumber\":2}]}}', null, null);
INSERT INTO `example` VALUES ('113C0FA567644B9D95C5565B5F30EE0F', '16AB1249170F470781DB04E4BBA79C9F', 'SUCCESS', '{\"message\":1,\"customsBarrierExercise\":[{\"customsBarrierExercisesId\":1,\"challengeSchooleId\":1,\"customsBarrierId\":1,\"subjectCode\":\"274ea\",\"finishTime\":10,\"starNumber\":3,\"challengeSchoole\":null,\"customsBarrier\":null},{\"customsBarrierExercisesId\":2,\"challengeSchooleId\":1,\"customsBarrierId\":1,\"subjectCode\":\"be6c8\",\"finishTime\":8,\"starNumber\":2,\"challengeSchoole\":null,\"customsBarrier\":null},{\"customsBarrierExercisesId\":3,\"challengeSchooleId\":1,\"customsBarrierId\":1,\"subjectCode\":\"2e426\",\"finishTime\":8,\"starNumber\":2,\"challengeSchoole\":null,\"customsBarrier\":null},{\"customsBarrierExercisesId\":4,\"challengeSchooleId\":1,\"customsBarrierId\":1,\"subjectCode\":\"a7ecc\",\"finishTime\":8,\"starNumber\":2,\"challengeSchoole\":null,\"customsBarrier\":null},{\"customsBarrierExercisesId\":5,\"challengeSchooleId\":1,\"customsBarrierId\":1,\"subjectCode\":\"9c1e0\",\"finishTime\":8,\"starNumber\":2,\"challengeSchoole\":null,\"customsBarrier\":null},{\"customsBarrierExercisesId\":6,\"challengeSchooleId\":1,\"customsBarrierId\":1,\"subjectCode\":\"f43e2\",\"finishTime\":9,\"starNumber\":2,\"challengeSchoole\":null,\"customsBarrier\":null}]}', '2015-11-30 10:30:31', '1');
INSERT INTO `example` VALUES ('12D66502443C47A1A62A65A5D9AEB61F', 'AF335E8F8C4949A685A3FA8F45881FAA', 'SUCCESS', '{\"message\":1}', '2015-11-17 13:30:10', '1');
INSERT INTO `example` VALUES ('166949BF80E34FAEAE9AD80F0A5A1DE1', '799570CB5852421EA592EED4CC5CD700', 'SUCCESS', '{\"smsDayTypeStats\":[{\"type\":\"reset_password\",\"id\":93,\"number\":12,\"date\":1458201780000,\"productId\":\"32bdd1c5-8eef-4843-9a9a-228dc0f3b617\"},{\"type\":\"teacher_certificate\",\"id\":94,\"number\":11,\"date\":1458201780000,\"productId\":\"32bdd1c5-8eef-4843-9a9a-228dc0f3b617\"},{\"type\":\"edit_password\",\"id\":95,\"number\":2,\"date\":1458201780000,\"productId\":\"32bdd1c5-8eef-4843-9a9a-228dc0f3b617\"}],\"hourData\":[{\"number\":10,\"hour\":\"09\",\"type\":\"1\"},{\"number\":5,\"hour\":\"10\",\"type\":\"1\"},{\"number\":9,\"hour\":\"11\",\"type\":\"1\"},{\"number\":1,\"hour\":\"13\",\"type\":\"1\"}]}', '2016-03-17 16:27:21', '1');
INSERT INTO `example` VALUES ('1771AD822DB64D4E85DBFE4C5F23F99F', '939C2627FA604779927259D5AE43BDFA', 'SUCCESS', '{\"message\":1}', '2015-11-11 13:49:22', '1');
INSERT INTO `example` VALUES ('182CB8CF503946C1A4CF8C9845FD35E3', 'A743D5D4D9FA4A359CFE34C52C8F9D9F', 'SUCCESS', '{\"message\":1}', '2015-11-13 09:27:53', '1');
INSERT INTO `example` VALUES ('18CA0A0103C34F169956793E87307DB4', null, 'SUCCESS', '{}', '2016-08-03 13:08:15', '1');
INSERT INTO `example` VALUES ('1921C4B3C7C4447598A3BB56BDB48C86', 'CBC118FCD9A24234A8B7E00371D047C5', 'SUCCESS', '{\"message\":1}', '2015-11-13 09:17:32', '1');
INSERT INTO `example` VALUES ('1A3BF54E5CE14AFAA8E5ACDBEFEB0556', 'F6AE3EF135E54802B8349F7F14DA4380', 'SUCCESS', '{\"smsDayTypeStats\":[{\"id\":93,\"type\":\"reset_password\",\"number\":12,\"date\":1458180200000,\"productId\":\"32bdd1c5-8eef-4843-9a9a-228dc0f3b617\"},{\"id\":94,\"type\":\"teacher_certificate\",\"number\":1,\"date\":1458180200000,\"productId\":\"32bdd1c5-8eef-4843-9a9a-228dc0f3b617\"}],\"smsStat\":{\"statId\":1,\"productId\":\"32bdd1c5-8eef-4843-9a9a-228dc0f3b617\",\"monthSuc\":30,\"threeFal\":1,\"threeSuc\":30,\"sevenFal\":1,\"monthFal\":1,\"yearFal\":1,\"sevenSuc\":30,\"yearSuc\":30,\"todayFal\":0,\"todaySuc\":13,\"halfYearFal\":1,\"halfYearSuc\":30},\"hourData\":[{\"number\":10,\"hour\":\"09\",\"type\":\"1\"},{\"number\":3,\"hour\":\"10\",\"type\":\"1\"}]}', '2016-03-17 10:43:33', '1');
INSERT INTO `example` VALUES ('1B543244FBC04F5895348E6BF7E02422', null, 'SUCCESS', '{\"message\":1}', '2015-11-09 10:15:20', '1');
INSERT INTO `example` VALUES ('1D6E854E4B484E5FB0FED35184306CA5', '733E24FF765645FE8A225D8902CBB48B', 'SUCCESS', '{\"message\":1,\"challengeViewes\":[{\"rankNumber\":1,\"university\":\"清华大学\",\"nickName\":\"嘿嘿\",\"faceImage\":\"upload/image/201512/953936391EF14019A632E420D7FF0CDC.jpg\",\"universityId\":1001},{\"rankNumber\":2,\"university\":\"清华大学\",\"nickName\":\"杨老六\",\"faceImage\":\"upload/image/201512/953936391EF14019A632E420D7FF0CDC.jpg\",\"universityId\":1001},{\"rankNumber\":2,\"university\":\"清华大学\",\"nickName\":\"歌\",\"faceImage\":\"upload/image/201512/953936391EF14019A632E420D7FF0CDC.jpg\",\"universityId\":1001}]}', '2015-12-18 13:30:24', '1');
INSERT INTO `example` VALUES ('1E08F521472A4ECD8A2E09F96F714AD0', '526E20A146F149D8AFE1C0DA8C5CA023', 'SUCCESS', '{\"requestId\":\"WEUOW343KL34L26NBSK3\",\"code\":\"Success\",\"message\":\"Success\",\"httpCode\":\"200\",\"result\":{\"isAdd\":true}}', null, null);
INSERT INTO `example` VALUES ('203674A6681C4060A401FCA76F984154', '5635376B0DDF43839C976A945863D356', 'SUCCESS', '{\"provinces\":[\"北京\",\"天津\",\"上海\",\"重庆\",\"河北\",\"河南\",\"云南\",\"辽宁\",\"黑龙江\",\"湖南\",\"安徽\",\"山东\",\"新疆\",\"江苏\",\"浙江\",\"江西\",\"湖北\",\"广西\",\"甘肃\",\"山西\",\"内蒙古\",\"陕西\",\"吉林\",\"福建\",\"贵州\",\"广东\",\"青海\",\"西藏\",\"四川\",\"海南\"]}', '2015-11-09 15:12:49', '1');
INSERT INTO `example` VALUES ('232793451FAF40EC96435EB5BAE048FE', 'CBC118FCD9A24234A8B7E00371D047C5', 'FAILURE', '{\"message\":0}', '2015-11-13 09:17:53', '2');
INSERT INTO `example` VALUES ('235478F22A0B40E0BE23BCE91AAFDDB1', 'CBC118FCD9A24234A8B7E00371D047C5', 'EXCEPTION', '{\"message\":404}', '2015-11-13 09:18:30', '3');
INSERT INTO `example` VALUES ('237AFF947EFE42A78FF4AE3258B63170', '340372AF5B2D49659E257FC55D3FB0C7', 'FAILURE', '404', '2015-11-24 12:01:48', '2');
INSERT INTO `example` VALUES ('24BE35123E26475CABD56529D7FE90C8', '0E1AAD989CA3432CB12F81887E7E7CAB', 'SUCCESS', '{}', null, null);
INSERT INTO `example` VALUES ('2536D783309D4EFABC193F8CA58024FD', 'B091863D5B4242008C8E84C890001165', 'SUCCESS', '{\"requestId\":\"WEUOW343KL34L26NBSK3\",\"code\":\"Success\",\"message\":\"Success\",\"httpCode\":\"200\",\"result\":{\"students\":[]}}', null, null);
INSERT INTO `example` VALUES ('261444B4DA7F487094B350AE9FD8D458', 'BDFC3407E76A4D79A8529EA9EB56CD58', 'SUCCESS', '{\"message\":1,\"rank\":3,\"experience\":780,\"currency\":2300}', '2015-12-07 11:10:36', '1');
INSERT INTO `example` VALUES ('26D05E337AF244B7A1FE42F4E0F7CADC', '978C62DABEFE4EF5B8E62A35F54D18BB', 'SUCCESS', '{    \"message\": \"1\",    \"phoneNumber\": \"13681004146\",    \"sessionId\": \"DEAECF14B052479CA455BF7F860131AD\"}', '2015-11-09 09:09:00', '1');
INSERT INTO `example` VALUES ('2B843CD786334B67838ABAFCBCBFA24F', null, 'SUCCESS', '{}', null, null);
INSERT INTO `example` VALUES ('2BB87DEFCD6D43469050A4FE87B2C5A3', '34045A916D834BEAA4244C6B9F949A08', 'SUCCESS', '{}', null, null);
INSERT INTO `example` VALUES ('2CD4A9A1B89B4FFCAC9F4718D88E876C', 'FD791D1371ED4B80857C9B8F1084E347', 'SUCCESS', '{\"requestId\":\"WEUOW343KL34L26NBSK3\",\"code\":\"Success\",\"message\":\"Success\",\"httpCode\":\"200\",\"result\":{\"eduScheduleCode\":\"5BB1A6EBC59145298EE892D14BC7A897\",\"ownerCode\":\"00D20E260AA74DEA822F4BD3F3171C13\",\"eduWeekTimeCode\":\"30A56BA2E71E4BE2BD5DD59BA044C1D6\",\"sections\":[{\"eduSectionCode\":\"05F6AFE0F9C34D159F61285A3B5EB6FF\",\"sectionNumber\":1,\"sectionName\":\"第1节\",\"startTime\":\"8:00\",\"endTime\":\"9:00\",\"duration\":60,\"lessons\":[null,null,null,null,null,null,null,null,null,null,null,null,null,null]},{\"eduSectionCode\":\"BA15920F395947D69C064A1543C00691\",\"sectionNumber\":2,\"sectionName\":\"第2节\",\"startTime\":\"9:00\",\"endTime\":\"10:00\",\"duration\":60,\"lessons\":[null,null,null,null,null,null,null,null,null,null,null,null,null,null]},{\"eduSectionCode\":\"1E2C1ADE05BE4F5EB9B9A9CFDBC5CC62\",\"sectionNumber\":3,\"sectionName\":\"第3节\",\"startTime\":\"10:00\",\"endTime\":\"11:00\",\"duration\":60,\"lessons\":[null,null,null,null,null,null,null,null,null,null,null,null,null,null]},{\"eduSectionCode\":\"BB8DD94E3BD744EB8ACFB3243CA71EC0\",\"sectionNumber\":4,\"sectionName\":\"第4节\",\"startTime\":\"11:00\",\"endTime\":\"12:00\",\"duration\":60,\"lessons\":[null,null,null,null,null,null,null,null,null,null,null,null,null,null]},{\"eduSectionCode\":\"70C9DEA30FE8464B87795E9E066B2FB6\",\"sectionNumber\":5,\"sectionName\":\"第5节\",\"startTime\":\"12:00\",\"endTime\":\"13:00\",\"duration\":60,\"lessons\":[null,null,null,null,null,null,null,null,null,null,null,null,null,null]},{\"eduSectionCode\":\"C6A2026B0DC84EAFB3952C2A470997AD\",\"sectionNumber\":6,\"sectionName\":\"第6节\",\"startTime\":\"13:00\",\"endTime\":\"14:00\",\"duration\":60,\"lessons\":[null,null,null,null,null,null,null,null,null,null,null,null,null,null]},{\"eduSectionCode\":\"4873BF4A228540989BF8B76C02343A1C\",\"sectionNumber\":7,\"sectionName\":\"第7节\",\"startTime\":\"14:00\",\"endTime\":\"15:00\",\"duration\":60,\"lessons\":[null,null,null,null,null,null,null,null,null,null,null,null,null,null]},{\"eduSectionCode\":\"36453DFD44154F4990AEA3EED9D555E5\",\"sectionNumber\":8,\"sectionName\":\"第8节\",\"startTime\":\"15:00\",\"endTime\":\"16:00\",\"duration\":60,\"lessons\":[null,null,null,null,null,null,null,null,null,null,null,null,null,null]},{\"eduSectionCode\":\"F8949AA049254DE2B889C7A720A40AA5\",\"sectionNumber\":9,\"sectionName\":\"第9节\",\"startTime\":\"16:00\",\"endTime\":\"17:00\",\"duration\":60,\"lessons\":[null,null,null,null,null,null,null,null,null,null,null,null,null,null]},{\"eduSectionCode\":\"5F1F4E3C7342470FA36CFD6D4AFF35EB\",\"sectionNumber\":10,\"sectionName\":\"第10节\",\"startTime\":\"17:00\",\"endTime\":\"18:00\",\"duration\":60,\"lessons\":[null,null,null,null,null,null,null,null,null,null,null,null,null,null]},{\"eduSectionCode\":\"396A8459109E44C08C1B70AAA76000BF\",\"sectionNumber\":11,\"sectionName\":\"第11节\",\"startTime\":\"18:00\",\"endTime\":\"19:00\",\"duration\":60,\"lessons\":[null,null,null,null,null,null,null,null,null,null,null,null,null,null]},{\"eduSectionCode\":\"0A1D74DB030543A28D78475A012FF6DC\",\"sectionNumber\":12,\"sectionName\":\"第12节\",\"startTime\":\"19:00\",\"endTime\":\"20:00\",\"duration\":60,\"lessons\":[null,null,null,null,null,null,null,null,null,null,null,null,null,null]},{\"eduSectionCode\":\"8A68133A041B4AFD8198498F2173956E\",\"sectionNumber\":13,\"sectionName\":\"第13节\",\"startTime\":\"20:00\",\"endTime\":\"21:00\",\"duration\":60,\"lessons\":[null,null,null,null,null,null,null,null,null,null,null,null,null,null]},{\"eduSectionCode\":\"083C47911D8A45D8BE590E153C2F315E\",\"sectionNumber\":14,\"sectionName\":\"第14节\",\"startTime\":\"21:00\",\"endTime\":\"22:00\",\"duration\":60,\"lessons\":[null,null,null,null,null,null,null,null,null,null,null,null,null,null]},{\"eduSectionCode\":\"3761C049D1F34DF89A5DA707397F0018\",\"sectionNumber\":15,\"sectionName\":\"第15节\",\"startTime\":\"22:00\",\"endTime\":\"23:00\",\"duration\":60,\"lessons\":[null,null,null,null,null,null,null,null,null,null,null,null,null,null]},{\"eduSectionCode\":\"D30B899CE11245C094CCA592A6313B6C\",\"sectionNumber\":16,\"sectionName\":\"第16节\",\"startTime\":\"23:00\",\"endTime\":\"24:00\",\"duration\":60,\"lessons\":[null,null,null,null,null,null,null,null,null,null,null,null,null,null]}],\"dates\":null,\"weekTimeName\":\"2017年 第1期\"}}', null, null);
INSERT INTO `example` VALUES ('31E9381859E143EAB6D8D11B5D785B0E', '7F056A3482384022B22C10439EC9B369', 'SUCCESS', '{    \"schools\": [        {            \"schoolId\": 1067,            \"schoolName\": \"北京市二十一世纪实验学校\",            \"schoolAddress\": \"北京市海淀区恩济庄46号\",            \"schoolPhone\": \"010-88124903\",            \"schoolPostalcode\": \"100036\",            \"schoolWebsite\": \"http://xuexiao.eol.cn/html4/1100/114003312/index.shtml\",            \"schoolXueduan\": \"小学\",            \"schoolProvince\": \"北京\",            \"schoolQu\": \"海淀\",            \"schoolXian\": null,            \"page\": 4        },        {            \"schoolId\": 1068,            \"schoolName\": \"北京市海淀外国语实验学校\",            \"schoolAddress\": \"北京市海淀区杏石口路20号\",            \"schoolPhone\": \"88430704   88459224\",            \"schoolPostalcode\": \"100095\",            \"schoolWebsite\": \"http://xuexiao.eol.cn/html4/1100/114003472/index.shtml\",            \"schoolXueduan\": \"小学\",            \"schoolProvince\": \"北京\",            \"schoolQu\": \"海淀\",            \"schoolXian\": null,            \"page\": 5        },        {            \"schoolId\": 1069,            \"schoolName\": \"首都师范大学附属育新学校\",            \"schoolAddress\": \"北京市海淀区西三旗育新花园34号\",            \"schoolPhone\": \"01082902204\",            \"schoolPostalcode\": \"100096\",            \"schoolWebsite\": \"http://xuexiao.eol.cn/html4/1100/114003962/index.shtml\",            \"schoolXueduan\": \"小学\",            \"schoolProvince\": \"北京\",            \"schoolQu\": \"海淀\",            \"schoolXian\": null,            \"page\": 6        }    ]}', '2015-11-09 15:30:53', '1');
INSERT INTO `example` VALUES ('350C0ED268294DA1BF478F807AC88CB5', 'D2397906D57B446BB03FCCD89002E8EE', 'SUCCESS', '{}', null, null);
INSERT INTO `example` VALUES ('35B0D8746E364DDAA748C664D97EE6D3', '147FC35D42DC4B149F4AF5D639A698D9', 'SUCCESS', '{}', null, null);
INSERT INTO `example` VALUES ('39DD9F5CF23946FC80359E0738FD9206', '5972EA20C7EF4274BB3AB177A649B90F', 'SUCCESS', '{\"requestId\":\"1234\",\"code\":\"Success\",\"message\":\"Success\",\"httpCode\":\"200\",\"result\":[{\"stamina\":null,\"rank\":null,\"token\":null,\"refreshToken\":null,\"expires\":null,\"userCode\":\"42b804869f1a4500aebe0f8518272250\",\"userName\":\"iwrong11657878\",\"mobile\":\"13311657878\",\"email\":null,\"password\":null,\"isBlack\":null,\"userOnlineState\":0,\"isVip\":0,\"vipStartDate\":null,\"vipEndDate\":null,\"registerSource\":\"011\",\"fightValue\":0.0,\"userPoints\":0.0,\"first\":null,\"second\":null,\"third\":null,\"deviceType\":\"Test\",\"userInfoDegree\":25,\"channelSource\":null,\"createDate\":null,\"updateDate\":null,\"school\":null,\"headImgUrl\":null,\"sex\":null,\"nickName\":\"iwrong11657878\",\"birthday\":null,\"grade\":null,\"province\":null,\"city\":null,\"area\":null,\"country\":null,\"overdue\":false,\"scanStatus\":null,\"vipexpireDays\":0},{\"stamina\":null,\"rank\":null,\"token\":null,\"refreshToken\":null,\"expires\":null,\"userCode\":\"2a10903cdd1646c5934b35a82939640d\",\"userName\":\"iwrong11657876\",\"mobile\":\"13311657876\",\"email\":null,\"password\":null,\"isBlack\":null,\"userOnlineState\":0,\"isVip\":0,\"vipStartDate\":null,\"vipEndDate\":null,\"registerSource\":\"011\",\"fightValue\":0.0,\"userPoints\":0.0,\"first\":null,\"second\":null,\"third\":null,\"deviceType\":\"Test\",\"userInfoDegree\":25,\"channelSource\":null,\"createDate\":null,\"updateDate\":null,\"school\":null,\"headImgUrl\":null,\"sex\":null,\"nickName\":\"iwrong11657876\",\"birthday\":null,\"grade\":null,\"province\":null,\"city\":null,\"area\":null,\"country\":null,\"overdue\":false,\"scanStatus\":null,\"vipexpireDays\":0}]}', '2016-07-21 11:07:03', '1');
INSERT INTO `example` VALUES ('3BDF19485AB442F18BEADF645848F156', 'C8364591E98E449E9DDE6D8292DF4BA3', 'SUCCESS', '{\"code\":\"8a2a7468544c359901545591c80a006a\",\"examName\":\"paper_test_u04\",\"grade\":\"11\",\"subject\":\"2\",\"bookType\":\"170a286029b24ed78626c5203fc1c816\",\"totalScore\":100.0,\"examTime\":100,\"questions\":[{\"id\":\"8a2a7468544c359901545592a597006c\",\"code\":\"8a2a7468544c359901545592a597006c\",\"createAt\":\"Wed Apr 27 10:35:54 CST 2016\",\"update_at\":null,\"title\":\"XSA70935\",\"stem\":\"看图找规律，将正确的数字填在（ ）内。\n<如图>  \",\"option\":null,\"knowledges\":\"[数一数, 0]\",\"knowledgeCodes\":\"[665700030007, 665700010001]\",\"answer\":null,\"star\":0,\"type\":\"单选题\",\"grade\":null,\"subject\":null,\"selfLabelNodes\":[{\"code\":\"0006000100060002\",\"name\":\"0~5排序\",\"typeCode\":\"gainian(C)\",\"typeName\":\"概念(C)\",\"parentCode\":\"000600010006\",\"selfLabel\":false}]},{\"id\":\"8a2a7468544c359901545592ac5e006d\",\"code\":\"8a2a7468544c359901545592ac5e006d\",\"createAt\":\"Wed Apr 27 10:35:56 CST 2016\",\"update_at\":null,\"title\":\"XSA23199\",\"stem\":\"将1、4、5、3、2按照0~5的顺序排序（     ）。  \",\"option\":null,\"knowledges\":\"[数一数, 0]\",\"knowledgeCodes\":\"[665700030007, 665700010001]\",\"answer\":null,\"star\":0,\"type\":\"单选题\",\"grade\":null,\"subject\":null,\"selfLabelNodes\":[{\"code\":\"0006000100060002\",\"name\":\"0~5排序\",\"typeCode\":\"gainian(C)\",\"typeName\":\"概念(C)\",\"parentCode\":\"000600010006\",\"selfLabel\":false}]},{\"id\":\"8a2a7468544c359901545592b236006e\",\"code\":\"8a2a7468544c359901545592b236006e\",\"createAt\":\"Wed Apr 27 10:35:57 CST 2016\",\"update_at\":null,\"title\":\"XSA13069\",\"stem\":\"从0到5按顺序数：0、1、（   ）、（  ）、（   ）、（   ）  \",\"option\":null,\"knowledges\":\"[数一数, 0]\",\"knowledgeCodes\":\"[665700030007, 665700010001]\",\"answer\":null,\"star\":0,\"type\":\"单选题\",\"grade\":null,\"subject\":null,\"selfLabelNodes\":[{\"code\":\"0006000100060002\",\"name\":\"0~5排序\",\"typeCode\":\"gainian(C)\",\"typeName\":\"概念(C)\",\"parentCode\":\"000600010006\",\"selfLabel\":false}]}]}', '2016-04-29 10:04:20', '1');
INSERT INTO `example` VALUES ('3DEFC698E55F4B068F31F33A6798B278', '91627DC8CF304C8EAE4C5B7E115907CE', 'SUCCESS', '{\"trade_state\":\"SUCCESS\",\"outTradeNo\":\"20160428165133000002\",\"trade_state_desc\":\"\"}', '2016-04-29 16:04:50', '1');
INSERT INTO `example` VALUES ('401D0F9273EB4719ADC778878B64F8A4', '7E4372BAA1CD4FCCB31700706C38B6BB', 'SUCCESS', '{\"requestId\":\"WEUOW343KL34L26NBSK3\",\"code\":\"Success\",\"message\":\"Success\",\"httpCode\":\"200\",\"result\":{\"eduScheduleCode\":\"67C465CA3AA349EE948F2911834998BC\",\"ownerCode\":\"AEDBB67C70B24165817BAEA2B4EBF0D0\",\"eduWeekTimeCode\":\"30A56BA2E71E4BE2BD5DD59BA044C1D6\",\"sections\":[{\"eduSectionCode\":\"05F6AFE0F9C34D159F61285A3B5EB6FF\",\"sectionNumber\":1,\"sectionName\":\"第1节\",\"startTime\":\"8:00\",\"endTime\":\"9:00\",\"duration\":60,\"lessons\":[null,null,null,null,null,null,null,null,null,null,null,null,null,null]},{\"eduSectionCode\":\"BA15920F395947D69C064A1543C00691\",\"sectionNumber\":2,\"sectionName\":\"第2节\",\"startTime\":\"9:00\",\"endTime\":\"10:00\",\"duration\":60,\"lessons\":[null,null,null,null,null,null,null,null,null,null,null,null,null,null]},{\"eduSectionCode\":\"1E2C1ADE05BE4F5EB9B9A9CFDBC5CC62\",\"sectionNumber\":3,\"sectionName\":\"第3节\",\"startTime\":\"10:00\",\"endTime\":\"11:00\",\"duration\":60,\"lessons\":[null,null,null,null,null,null,null,null,null,null,null,null,null,null]},{\"eduSectionCode\":\"BB8DD94E3BD744EB8ACFB3243CA71EC0\",\"sectionNumber\":4,\"sectionName\":\"第4节\",\"startTime\":\"11:00\",\"endTime\":\"12:00\",\"duration\":60,\"lessons\":[null,null,null,null,null,null,null,null,null,null,null,null,null,null]},{\"eduSectionCode\":\"70C9DEA30FE8464B87795E9E066B2FB6\",\"sectionNumber\":5,\"sectionName\":\"第5节\",\"startTime\":\"12:00\",\"endTime\":\"13:00\",\"duration\":60,\"lessons\":[null,null,null,null,null,null,null,null,null,null,null,null,null,null]},{\"eduSectionCode\":\"C6A2026B0DC84EAFB3952C2A470997AD\",\"sectionNumber\":6,\"sectionName\":\"第6节\",\"startTime\":\"13:00\",\"endTime\":\"14:00\",\"duration\":60,\"lessons\":[null,null,null,null,null,null,null,null,null,null,null,null,null,null]},{\"eduSectionCode\":\"4873BF4A228540989BF8B76C02343A1C\",\"sectionNumber\":7,\"sectionName\":\"第7节\",\"startTime\":\"14:00\",\"endTime\":\"15:00\",\"duration\":60,\"lessons\":[null,null,null,null,null,null,null,null,null,null,null,null,null,null]},{\"eduSectionCode\":\"36453DFD44154F4990AEA3EED9D555E5\",\"sectionNumber\":8,\"sectionName\":\"第8节\",\"startTime\":\"15:00\",\"endTime\":\"16:00\",\"duration\":60,\"lessons\":[null,null,null,null,null,null,null,null,null,null,null,null,null,null]},{\"eduSectionCode\":\"F8949AA049254DE2B889C7A720A40AA5\",\"sectionNumber\":9,\"sectionName\":\"第9节\",\"startTime\":\"16:00\",\"endTime\":\"17:00\",\"duration\":60,\"lessons\":[null,null,null,null,null,null,null,null,null,null,null,null,null,null]},{\"eduSectionCode\":\"5F1F4E3C7342470FA36CFD6D4AFF35EB\",\"sectionNumber\":10,\"sectionName\":\"第10节\",\"startTime\":\"17:00\",\"endTime\":\"18:00\",\"duration\":60,\"lessons\":[null,null,null,null,null,null,null,null,null,null,null,null,null,null]},{\"eduSectionCode\":\"396A8459109E44C08C1B70AAA76000BF\",\"sectionNumber\":11,\"sectionName\":\"第11节\",\"startTime\":\"18:00\",\"endTime\":\"19:00\",\"duration\":60,\"lessons\":[null,null,null,null,null,null,null,null,null,null,null,null,null,null]},{\"eduSectionCode\":\"0A1D74DB030543A28D78475A012FF6DC\",\"sectionNumber\":12,\"sectionName\":\"第12节\",\"startTime\":\"19:00\",\"endTime\":\"20:00\",\"duration\":60,\"lessons\":[null,null,null,null,null,null,null,null,null,null,null,null,null,null]},{\"eduSectionCode\":\"8A68133A041B4AFD8198498F2173956E\",\"sectionNumber\":13,\"sectionName\":\"第13节\",\"startTime\":\"20:00\",\"endTime\":\"21:00\",\"duration\":60,\"lessons\":[null,null,null,null,null,null,null,null,null,null,null,null,null,null]},{\"eduSectionCode\":\"083C47911D8A45D8BE590E153C2F315E\",\"sectionNumber\":14,\"sectionName\":\"第14节\",\"startTime\":\"21:00\",\"endTime\":\"22:00\",\"duration\":60,\"lessons\":[null,null,null,null,null,null,null,null,null,null,null,null,null,null]},{\"eduSectionCode\":\"3761C049D1F34DF89A5DA707397F0018\",\"sectionNumber\":15,\"sectionName\":\"第15节\",\"startTime\":\"22:00\",\"endTime\":\"23:00\",\"duration\":60,\"lessons\":[null,null,null,null,null,null,null,null,null,null,null,null,null,null]},{\"eduSectionCode\":\"D30B899CE11245C094CCA592A6313B6C\",\"sectionNumber\":16,\"sectionName\":\"第16节\",\"startTime\":\"23:00\",\"endTime\":\"24:00\",\"duration\":60,\"lessons\":[null,null,null,null,null,null,null,null,null,null,null,null,null,null]}],\"dates\":null,\"weekTimeName\":\"2017年 第1期\"}}', null, null);
INSERT INTO `example` VALUES ('449ACC910A644356972D8F76DD9F4CFD', '63329962813B478B9DCE909F3569EF34', 'SUCCESS', '{\"requestId\":\"WEUOW343KL34L26NBSK3/\",\"code\":\"Success\",\"message\":\"Success\",\"httpCode\":\"200\",\"result\":{\"eduScheduleCode\":\"6D1F4BC0406347D9B2CF73267DC0A398\",\"ownerCode\":\"F84251DB25484B0B82084CD637D2B43E\",\"eduWeekTimeCode\":\"30A56BA2E71E4BE2BD5DD59BA044C1D6\",\"sections\":[{\"eduSectionCode\":\"05F6AFE0F9C34D159F61285A3B5EB6FF\",\"sectionNumber\":1,\"sectionName\":\"第1节\",\"startTime\":\"8:00\",\"endTime\":\"9:00\",\"duration\":60,\"lessons\":[null,null,null,null,null,null,null,null,null,null,null,null,null,null]},{\"eduSectionCode\":\"BA15920F395947D69C064A1543C00691\",\"sectionNumber\":2,\"sectionName\":\"第2节\",\"startTime\":\"9:00\",\"endTime\":\"10:00\",\"duration\":60,\"lessons\":[null,null,null,null,null,null,null,null,null,null,null,null,null,null]},{\"eduSectionCode\":\"1E2C1ADE05BE4F5EB9B9A9CFDBC5CC62\",\"sectionNumber\":3,\"sectionName\":\"第3节\",\"startTime\":\"10:00\",\"endTime\":\"11:00\",\"duration\":60,\"lessons\":[null,null,null,null,null,null,null,null,null,null,null,null,null,null]},{\"eduSectionCode\":\"BB8DD94E3BD744EB8ACFB3243CA71EC0\",\"sectionNumber\":4,\"sectionName\":\"第4节\",\"startTime\":\"11:00\",\"endTime\":\"12:00\",\"duration\":60,\"lessons\":[null,null,null,null,null,null,null,null,null,null,null,null,null,null]},{\"eduSectionCode\":\"70C9DEA30FE8464B87795E9E066B2FB6\",\"sectionNumber\":5,\"sectionName\":\"第5节\",\"startTime\":\"12:00\",\"endTime\":\"13:00\",\"duration\":60,\"lessons\":[null,null,null,null,null,null,null,null,null,null,null,null,null,null]},{\"eduSectionCode\":\"C6A2026B0DC84EAFB3952C2A470997AD\",\"sectionNumber\":6,\"sectionName\":\"第6节\",\"startTime\":\"13:00\",\"endTime\":\"14:00\",\"duration\":60,\"lessons\":[null,null,null,null,null,null,null,null,null,null,null,null,null,null]},{\"eduSectionCode\":\"4873BF4A228540989BF8B76C02343A1C\",\"sectionNumber\":7,\"sectionName\":\"第7节\",\"startTime\":\"14:00\",\"endTime\":\"15:00\",\"duration\":60,\"lessons\":[null,null,null,null,null,null,null,null,null,null,null,null,null,null]},{\"eduSectionCode\":\"36453DFD44154F4990AEA3EED9D555E5\",\"sectionNumber\":8,\"sectionName\":\"第8节\",\"startTime\":\"15:00\",\"endTime\":\"16:00\",\"duration\":60,\"lessons\":[null,null,null,null,null,null,null,null,null,null,null,null,null,null]},{\"eduSectionCode\":\"F8949AA049254DE2B889C7A720A40AA5\",\"sectionNumber\":9,\"sectionName\":\"第9节\",\"startTime\":\"16:00\",\"endTime\":\"17:00\",\"duration\":60,\"lessons\":[null,null,null,null,null,null,null,null,null,null,null,null,null,null]},{\"eduSectionCode\":\"5F1F4E3C7342470FA36CFD6D4AFF35EB\",\"sectionNumber\":10,\"sectionName\":\"第10节\",\"startTime\":\"17:00\",\"endTime\":\"18:00\",\"duration\":60,\"lessons\":[null,null,null,null,null,null,null,null,null,null,null,null,null,null]},{\"eduSectionCode\":\"396A8459109E44C08C1B70AAA76000BF\",\"sectionNumber\":11,\"sectionName\":\"第11节\",\"startTime\":\"18:00\",\"endTime\":\"19:00\",\"duration\":60,\"lessons\":[null,null,null,null,null,null,null,null,null,null,null,null,null,null]},{\"eduSectionCode\":\"0A1D74DB030543A28D78475A012FF6DC\",\"sectionNumber\":12,\"sectionName\":\"第12节\",\"startTime\":\"19:00\",\"endTime\":\"20:00\",\"duration\":60,\"lessons\":[null,null,null,null,null,null,null,null,null,null,null,null,null,null]},{\"eduSectionCode\":\"8A68133A041B4AFD8198498F2173956E\",\"sectionNumber\":13,\"sectionName\":\"第13节\",\"startTime\":\"20:00\",\"endTime\":\"21:00\",\"duration\":60,\"lessons\":[null,null,null,null,null,null,null,null,null,null,null,null,null,null]},{\"eduSectionCode\":\"083C47911D8A45D8BE590E153C2F315E\",\"sectionNumber\":14,\"sectionName\":\"第14节\",\"startTime\":\"21:00\",\"endTime\":\"22:00\",\"duration\":60,\"lessons\":[null,null,null,null,null,null,null,null,null,null,null,null,null,null]},{\"eduSectionCode\":\"3761C049D1F34DF89A5DA707397F0018\",\"sectionNumber\":15,\"sectionName\":\"第15节\",\"startTime\":\"22:00\",\"endTime\":\"23:00\",\"duration\":60,\"lessons\":[null,null,null,null,null,null,null,null,null,null,null,null,null,null]},{\"eduSectionCode\":\"D30B899CE11245C094CCA592A6313B6C\",\"sectionNumber\":16,\"sectionName\":\"第16节\",\"startTime\":\"23:00\",\"endTime\":\"24:00\",\"duration\":60,\"lessons\":[null,null,null,null,null,null,null,null,null,null,null,null,null,null]}],\"dates\":null,\"weekTimeName\":\"2017年 第1期\"}}', null, null);
INSERT INTO `example` VALUES ('44F2B2330E6D4265999E4E5EB6A7EE8D', 'FD2CA141DBEC443A8E19D1177501705A', 'SUCCESS', '{}', null, null);
INSERT INTO `example` VALUES ('47AD40FE78F6444FB3BEB636B5E26A71', 'D7A05F7235AC45CFB17F154B00879B27', 'SUCCESS', '[{\"analyze\":\"[{\\\"analyzeKey\\\":\\\"A\\\",\\\"analyzeValue\\\":\\\"通过分析,此选项错误.\\\"},{\\\"analyzeKey\\\":\\\"B\\\",\\\"analyzeValue\\\":\\\"<img src = \'http://iwrong.b0.upaiyun.com/resources_v3/gks201505180938.files/image008.gif\'></img>得<img src = \'http://iwrong.b0.upaiyun.com/resources_v3/gks201505180938.files/image009.gif\'></img>,&nbsp;由Venn图表示集合的包含关系可知表示<img src = \'http://iwrong.b0.upaiyun.com/resources_v3/gks201505180938.files/image010.gif\'></img>的区域在表示<img src = \'http://iwrong.b0.upaiyun.com/resources_v3/gks201505180938.files/image011.gif\'></img>的区域内.所以此选项正确.\\\"},{\\\"analyzeKey\\\":\\\"C\\\",\\\"analyzeValue\\\":\\\"通过分析,此选项错误.\\\"},{\\\"analyzeKey\\\":\\\"D\\\",\\\"analyzeValue\\\":\\\"通过分析,此选项错误.\\\"}]\",\"analyzePicture\":\"\",\"answer\":\"B\",\"audio\":\"\",\"code\":\"951a2a7a182345afaa9825dce9657d32\",\"comment\":\"\",\"createAt\":\"1432542125732\",\"create_author\":\"\",\"grade\":\"高三\",\"id\":\"143321\",\"isCheck\":\"false\",\"isCompleted\":\"3\",\"isDel\":\"false\",\"knowledgeCode\":\"\",\"knowledges\":\"集合与常用逻辑用语\",\"option\":\"[{\\\"optionKey\\\":\\\"A\\\",\\\"optionValue\\\":\\\"<img src = \'http://iwrong.b0.upaiyun.com/resources_v3/gks201505180938.files/image004.jpg\'></img>\\\"},{\\\"optionKey\\\":\\\"B\\\",\\\"optionValue\\\":\\\"<img src = \'http://iwrong.b0.upaiyun.com/resources_v3/gks201505180938.files/image005.jpg\'></img>\\\"},{\\\"optionKey\\\":\\\"C\\\",\\\"optionValue\\\":\\\"<img src = \'http://iwrong.b0.upaiyun.com/resources_v3/gks201505180938.files/image006.jpg\'></img>\\\"},{\\\"optionKey\\\":\\\"D\\\",\\\"optionValue\\\":\\\"<img src = \'http://iwrong.b0.upaiyun.com/resources_v3/gks201505180938.files/image007.jpg\'></img>\\\"}]\",\"optionPicture\":\"\",\"productionCode\":\"\",\"productions\":\"集合\",\"remark\":\"\",\"source\":\"web\",\"stage\":\"\",\"star\":\"0\",\"stem\":\"已知全集U=R,则正确表示集合M={―1,0,1}和N=<img src = \'http://iwrong.b0.upaiyun.com/resources_v3/gks201505180938.files/image003.gif\'></img>关系的韦恩(Venn)图是(&nbsp;&nbsp;&nbsp;)\",\"stemPicture\":\"\",\"subject\":\"数学\",\"title\":\"GKS03001\",\"type\":\"5\",\"update_at\":\"1432542125735\",\"update_author\":\"\",\"video\":\"\"}]', '2015-11-24 09:21:28', '1');
INSERT INTO `example` VALUES ('480A30BD67B546CA9857077F7FFED700', 'AD8C9A02C1524E5D872ACED339B2E73C', 'SUCCESS', '{\"message\":1}', '2015-12-02 10:29:51', '1');
INSERT INTO `example` VALUES ('4C103CE79EA543D88266D7A108FF5F77', '405956C5213043B09F8DD558E57DB2CF', 'SUCCESS', '{    \"requestId\": \"c5426f4e-41e4-4b94-b973-8b87fe76524d\",    \"code\": \"Success\",    \"message\": \"Success\",    \"httpCode\": \"200\" ,    \"result\":null}', '2016-07-19 18:07:30', '1');
INSERT INTO `example` VALUES ('4D2E13D91B1E4BD2B9B63BB535E2CA13', 'C835519425E94AA5862D06B0F484E8FE', 'SUCCESS', '{\"requestId\":\"86f3158f-6f5a-481b-9853-3a5d01d47245\",\"code\":\"SUCCESS\",\"message\":\"响应成功\",\"httpCode\":\"200\",\"result\":{\"outTradeNo\":\"20160714161900000001\",\"trade_state\":\"NOTPAY\",\"trade_state_desc\":\"订单未支付\"}}', '2016-08-03 11:08:39', '1');
INSERT INTO `example` VALUES ('53C75EC8273344FDB9BE724594A14B5A', '340372AF5B2D49659E257FC55D3FB0C7', 'SUCCESS', '{\"message\":1,\"image\":\"upload\\\\image\\\\201511\\\\027316B79B0A406A98139268F32004C3.png\"}', '2015-11-24 11:48:30', '1');
INSERT INTO `example` VALUES ('57DF6BC08BF449F4A3477F50D5983367', '4304042CC433435F90755911928453D8', 'SUCCESS', '{\"requestId\":\"123456\",\"code\":\"Success\",\"message\":\"Success\",\"httpCode\":\"200\",\"result\":{\"password\":\"670b14728ad9902aecba32e22fa4f6bd\",\"registerSource\":0,\"type\":0,\"userCode\":\"620491c2-7a0d-4a5e-97d3-982023954aa6\",\"mobile\":\"13681004149\",\"userName\":\"cibn81004149\",\"isVip\":false,\"VIPExpireDays\":0,\"isOverdue\":true,\"scanStatus\":\"\",\"createDate\":\"2017-02-15 14:35:30\"}}', null, null);
INSERT INTO `example` VALUES ('5A2E3928EEE04161A6D64A413FE35614', '06C5E1116C1042B6B8EB104BEA9260D5', 'SUCCESS', '{\"message\":1,\"universities\":[{\"universityId\":1001,\"university\":\"清华大学\",\"provinceId\":1,\"colleges\":null},{\"universityId\":32004,\"university\":\"国立清华大学\",\"provinceId\":32,\"colleges\":null}]}', '2015-11-16 09:41:56', '1');
INSERT INTO `example` VALUES ('5B17000DEC8D49FD9E53C10D2B359944', null, 'SUCCESS', '{}', '2016-06-02 16:06:41', '1');
INSERT INTO `example` VALUES ('5BACCB1552214E3186CDA7E3238FBCF8', '82CB21CD57654265BE8932F35CD6B991', 'SUCCESS', '{\"requestId\":\"42275345-1389-4bea-be28-5ff49c1ed447\",\"code\":\"Success\",\"message\":\"Success\",\"httpCode\":\"200\",\"result\":{\"sectionFree\":\"0.01\"}}', null, null);
INSERT INTO `example` VALUES ('5DECA3BA88514D2D9540BD395F933EB3', '86287C00848A4843B87C5427384303E4', 'SUCCESS', '[{\"knowledge_name\":\"八年级上册\",\"ctb_code\":\"69\"},{\"knowledge_name\":\"八年级下册\",\"ctb_code\":\"70\"}]', '2016-04-29 09:04:39', '1');
INSERT INTO `example` VALUES ('60649B40D77D40A08D58BA2EFAA02883', '5B94C75BC03B44CC86A1DE0A5FE99175', 'SUCCESS', '{\"requestId\":\"SDDL234LSDK\",\"code\":\"Success\",\"message\":\"Success\",\"httpCode\":\"200\",\"result\":{\"placement\":false}}', null, null);
INSERT INTO `example` VALUES ('63EFA91A7CB44B32AC90E154A2FC5132', '6E6C56EF4B7C4C5C8F08EF712E3B8FFB', 'SUCCESS', '{\"requestId\":\"1234\",\"code\":\"Success\",\"message\":\"Success\",\"httpCode\":\"200\",\"result\":{\"stamina\":null,\"rank\":null,\"token\":null,\"refreshToken\":null,\"expires\":null,\"userCode\":\"da95e1572e134177875c18a3289de842\",\"userName\":\"iwrong90897877\",\"mobile\":\"13390897877\",\"email\":null,\"password\":null,\"isBlack\":null,\"userOnlineState\":0,\"isVip\":0,\"vipStartDate\":null,\"vipEndDate\":null,\"registerSource\":null,\"fightValue\":0.0,\"userPoints\":0.0,\"first\":0,\"second\":0,\"third\":0,\"deviceType\":null,\"userInfoDegree\":25,\"channelSource\":null,\"createDate\":null,\"updateDate\":null,\"school\":null,\"headImgUrl\":null,\"sex\":null,\"nickName\":\"iwrong90897877\",\"birthday\":null,\"grade\":null,\"province\":null,\"city\":null,\"area\":null,\"country\":null,\"overdue\":true,\"scanStatus\":null,\"vipexpireDays\":0}}', '2016-07-19 15:07:53', '1');
INSERT INTO `example` VALUES ('64EBDFAF3A9C4735A776684BD2A2768D', '89379F7B09C441C3BB7D576AD1735D48', 'SUCCESS', '{}', null, null);
INSERT INTO `example` VALUES ('666AC9A4EE074E6AB422D016B35B115A', '0BDB1BD77A3D42839652AE8A15AC3FFD', 'SUCCESS', '{\"requestId\":\"SDDL234LSDK\",\"code\":\"Success\",\"message\":\"Success\",\"httpCode\":\"200\",\"result\":[]}', null, null);
INSERT INTO `example` VALUES ('66FDBA9A06C74E37883FF0781EF2CA76', 'F85E57F5FD1542A48005CB99AB1515C4', 'SUCCESS', '{\"requestId\":\"3a3bab5f-14f3-4463-a682-83e87bb6f513\",\"code\":\"SUCCESS\",\"message\":\"响应成功\",\"httpCode\":\"200\",\"result\":{\"successDelete\":[],\"failureDelete\":[{\"reportId\":1},{\"reportId\":2}]}}', '2016-08-03 13:08:17', '1');
INSERT INTO `example` VALUES ('6860C6098E4E413B9B699A82B93C8D3A', '0286EAE7EF6048F18BE82E5259E3E467', 'SUCCESS', '{\"requestId\":\"278abc36-6458-4978-9324-43730e80e14d\",\"code\":\"SUCCESS\",\"message\":\"IS_PAY\",\"httpCode\":\"200\",\"result\":null}', null, null);
INSERT INTO `example` VALUES ('691D29F991E349C685077AF044282A07', '3F6D7DC39B034AE494581E78F46A26E7', 'SUCCESS', '{\"requestId\":\"SDFDW3F343JLKL3L5LN43J434\",\"code\":\"Success\",\"message\":\"Success\",\"httpCode\":\"200\",\"result\":{\"payAgree\":true}}', null, null);
INSERT INTO `example` VALUES ('693735C443814A1280E7FA8252E2D335', '0F89F5A7C7B74477A5453417224CE199', 'SUCCESS', '{\"requestId\":\"123456\",\"code\":\"Success\",\"message\":\"Success\",\"httpCode\":\"200\",\"result\":{\"code\":\"142357\"}}', null, null);
INSERT INTO `example` VALUES ('6A3717B5F29147959E8CE7C0C61F25D9', '92CF6445FB4D449D9889919A8C63A0B9', 'SUCCESS', '{\"message\":1,\"phoneNumber\":\"13681004142\",\"nickName\":\"哈哈\",\"faceImage\":\"upload\\\\image\\\\201511\\\\E30D5E8F2698432AAEBCE19E55C9CEC8.JPG\"}', '2015-11-13 11:25:25', '1');
INSERT INTO `example` VALUES ('6ED41401BB9549EB9305B9236E8B073F', 'AA5EF90EEC99400BAA20A6F80F5E8DA4', 'SUCCESS', '{\"requestId\":\"WEUOW343KL34L26NBSK3\",\"code\":\"Success\",\"message\":\"Success\",\"httpCode\":\"200\",\"result\":{\"weekTimes\":[{\"eduWeekTimeCode\":\"90BC87BB1E4D4A9899ABFB480B260724\",\"centerCode\":\"AAAAA\",\"isCourseScheduling\":\"0\",\"weekEndTime\":1479571200000,\"weekNumber\":1,\"weekStartTime\":1478448000000,\"weekTimeName\":\"第1期（2016-11-07 ~ 2016-11-20）\"},{\"eduWeekTimeCode\":\"4AA6AD53AF614EBEB05588DC46066D3C\",\"centerCode\":\"AAAAA\",\"isCourseScheduling\":\"0\",\"weekEndTime\":1480780800000,\"weekNumber\":2,\"weekStartTime\":1479657600000,\"weekTimeName\":\"第2期（2016-11-21 ~ 2016-12-04）\"},{\"eduWeekTimeCode\":\"C06D7D51424A4F49B218EA68186EE809\",\"centerCode\":\"AAAAA\",\"isCourseScheduling\":\"0\",\"weekEndTime\":1481990400000,\"weekNumber\":3,\"weekStartTime\":1480867200000,\"weekTimeName\":\"第3期（2016-12-05 ~ 2016-12-18）\"},{\"eduWeekTimeCode\":\"1A0D164205FE442D94746AF87988AC59\",\"centerCode\":\"AAAAA\",\"isCourseScheduling\":\"0\",\"weekEndTime\":1483200000000,\"weekNumber\":4,\"weekStartTime\":1482076800000,\"weekTimeName\":\"第4期（2016-12-19 ~ 2017-01-01）\"},{\"eduWeekTimeCode\":\"7B42B6F2E8CA487A9CC5864C0889999C\",\"centerCode\":\"AAAAA\",\"isCourseScheduling\":\"0\",\"weekEndTime\":1484409600000,\"weekNumber\":5,\"weekStartTime\":1483286400000,\"weekTimeName\":\"第5期（2017-01-02 ~ 2017-01-15）\"}]}}', null, null);
INSERT INTO `example` VALUES ('6FB734A64BF74B88924273174A59B878', 'BD50776D9D534189A3DCEABF1470D001', 'SUCCESS', '{\"dayTypeStats\":[{\"number\":1,\"type\":\"login\"}],\"scopeData\":[{\"sucNumber\":1,\"falNumber\":0,\"date\":\"2016-03-21\"}]}', '2016-03-21 11:49:39', '1');
INSERT INTO `example` VALUES ('73E8A55AC68245DCB7D21F04B225249C', 'A743D5D4D9FA4A359CFE34C52C8F9D9F', 'FAILURE', '{\"message\":0}', '2015-11-13 09:28:09', '2');
INSERT INTO `example` VALUES ('75D6DAE15E5C4F5EBFE0489C2F6FD8CA', '62FDFBD4799745039C8BB8D3E34F0B55', 'SUCCESS', '{}', null, null);
INSERT INTO `example` VALUES ('76DB87485B7F4654BFCE5725D7F6347A', 'F405F412D3DB4DDEB1BE24D1AC7C2DC7', 'SUCCESS', '{\"sign\":\"E5EE681119DB19400B8CFC9FC199EB77\",\"timestamp\":1461900985878,\"noncestr\":\"43baa6762fa81bb43b39c62553b2970d\",\"partnerid\":\"1335354601\",\"prepayid\":\"wx20160429113720bf13bc8c8f0248793604\",\"package\":\"Sign=WXPay\",\"appid\":\"wxfd22896c1e4be407\"}', '2016-04-29 11:04:42', '1');
INSERT INTO `example` VALUES ('7A0FE99A139A48949C4B0C1146D831EA', 'D72C3AB1312D4BE3AF8C5E806FF29F9C', 'SUCCESS', '{\"message\":1,\"provinces\":[{\"provinceId\":1,\"province\":\"北京\",\"universitys\":null},{\"provinceId\":2,\"province\":\"上海\",\"universitys\":null},{\"provinceId\":3,\"province\":\"天津\",\"universitys\":null},{\"provinceId\":4,\"province\":\"重庆\",\"universitys\":null},{\"provinceId\":5,\"province\":\"黑龙江\",\"universitys\":null},{\"provinceId\":6,\"province\":\"吉林\",\"universitys\":null},{\"provinceId\":7,\"province\":\"辽宁\",\"universitys\":null},{\"provinceId\":8,\"province\":\"山东\",\"universitys\":null},{\"provinceId\":9,\"province\":\"山西\",\"universitys\":null},{\"provinceId\":10,\"province\":\"陕西\",\"universitys\":null},{\"provinceId\":11,\"province\":\"河北\",\"universitys\":null},{\"provinceId\":12,\"province\":\"河南\",\"universitys\":null},{\"provinceId\":13,\"province\":\"湖北\",\"universitys\":null},{\"provinceId\":14,\"province\":\"湖南\",\"universitys\":null},{\"provinceId\":15,\"province\":\"海南\",\"universitys\":null},{\"provinceId\":16,\"province\":\"江苏\",\"universitys\":null},{\"provinceId\":17,\"province\":\"江西\",\"universitys\":null},{\"provinceId\":18,\"province\":\"广东\",\"universitys\":null},{\"provinceId\":19,\"province\":\"广西\",\"universitys\":null},{\"provinceId\":20,\"province\":\"云南\",\"universitys\":null},{\"provinceId\":21,\"province\":\"贵州\",\"universitys\":null},{\"provinceId\":22,\"province\":\"四川\",\"universitys\":null},{\"provinceId\":23,\"province\":\"内蒙古\",\"universitys\":null},{\"provinceId\":24,\"province\":\"宁夏\",\"universitys\":null},{\"provinceId\":25,\"province\":\"甘肃\",\"universitys\":null},{\"provinceId\":26,\"province\":\"青海\",\"universitys\":null},{\"provinceId\":27,\"province\":\"西藏\",\"universitys\":null},{\"provinceId\":28,\"province\":\"新疆\",\"universitys\":null},{\"provinceId\":29,\"province\":\"安徽\",\"universitys\":null},{\"provinceId\":30,\"province\":\"浙江\",\"universitys\":null},{\"provinceId\":31,\"province\":\"福建\",\"universitys\":null},{\"provinceId\":32,\"province\":\"台湾\",\"universitys\":null},{\"provinceId\":33,\"province\":\"香港\",\"universitys\":null},{\"provinceId\":34,\"province\":\"澳门\",\"universitys\":null},{\"provinceId\":35,\"province\":\"国外\",\"universitys\":null}]}', '2015-11-16 09:19:37', '1');
INSERT INTO `example` VALUES ('7A56C5966B174ED0BD55E81494CE21F9', 'EF6D1389B8424AE98EDADF74D00D6E5F', 'SUCCESS', '{\"experience\":380,\"rank\":2,\"rightNumber\":10,\"startNumber\":3,\"subjectCode\":\"274ea\"}', '2015-11-26 11:20:52', '1');
INSERT INTO `example` VALUES ('7B54ACD1AC964F4FA6B4D68C72D44645', 'CD3ABF598EB84706B738AAC866B6DA2F', 'SUCCESS', '{\"requestId\":\"5ba93b17-a436-4862-b36d-2da3b501cdb1\",\"code\":\"SUCCESS\",\"message\":\"响应成功\",\"httpCode\":\"200\",\"result\":{\"rankingNumber\":1011,\"reportId\":89}}', '2016-08-03 13:08:36', '1');
INSERT INTO `example` VALUES ('7D51C792631145A08752D03A0C86366E', '7E3CAC82C98342EBAE61C8E5199E8DF6', 'SUCCESS', '{\"requestId\":\"SDFDW3F343JLKL3L5LN43J434\",\"code\":\"Success\",\"message\":\"Success\",\"httpCode\":\"200\",\"result\":{\"disagree\":true}}', null, null);
INSERT INTO `example` VALUES ('7E13E029474242959475B7D6C1080C9E', '16A3E536E68840FF90BDAACE55CDAF4E', 'SUCCESS', '{\"requestId\":\"SDDL234LSDK\",\"code\":\"Success\",\"message\":\"Success\",\"httpCode\":\"200\",\"result\":{\"list\":[],\"totalPage\":1,\"pageNumber\":1,\"pageSize\":10}}', null, null);
INSERT INTO `example` VALUES ('7E651D38174B4920AB4886E1C3492C7A', 'C18AA3D094BB4DC7949D9B77FAAFD001', 'SUCCESS', '{}', null, null);
INSERT INTO `example` VALUES ('7F5AA4B551E441CEAD0AB80E535C510A', '36052A2420D248F2835985FE7901AE93', 'SUCCESS', '{\"message\":1,\"signTime\":0}', '2015-12-03 09:54:16', '1');
INSERT INTO `example` VALUES ('83E55033243441C082F2C32A8E1E1890', 'EB531E77211F4819ABBA795E7BEA8287', 'SUCCESS', '{\"requestId\":\"1234\",\"code\":\"Success\",\"message\":\"Success\",\"httpCode\":\"200\",\"result\":null}', '2016-07-20 09:07:58', '1');
INSERT INTO `example` VALUES ('84A9773321E44C3CBF29B884246C1B09', '10FA60732D0E47C0972013B5D404DF62', 'SUCCESS', '{\"requestId\":\"9730d3b7-9b73-4fed-b2fd-09ba9bfc8658\",\"code\":\"Success\",\"message\":\"unifyOrder sucess\",\"httpCode\":\"200\",\"result\":{\"appid\":\"wxfd22896c1e4be407\",\"partnerid\":\"1335354601\",\"prepayid\":\"wx20170221102413106fdcfddf0290676117\",\"_package\":\"Sign=WXPay\",\"noncestr\":\"551FB32CD97E4A3A9DD1F79988CF5B81\",\"timestamp\":\"1487643845\",\"paysign\":\"84DF778AC0F51CF42ABE23CFF7DC5A69\",\"outTradeNo\":\"20170221102405000001\"}}', null, null);
INSERT INTO `example` VALUES ('851727C239524E6DB3CFDD40BC99B0E3', null, 'SUCCESS', 'ff', '2016-06-18 09:06:30', '1');
INSERT INTO `example` VALUES ('864F775783DA440EAC5137B624572E79', null, 'FAILURE', 'sf', '2015-11-28 14:54:29', '2');
INSERT INTO `example` VALUES ('8A1C738341D84A64997CD9437A0CF439', '12733182B9164CAFA0A07AB202E96BA7', 'SUCCESS', '{\"message\":1}', '2015-11-11 11:50:14', '1');
INSERT INTO `example` VALUES ('8B0BCCFC818F43E89FD7F1903B4F806C', null, null, null, null, null);
INSERT INTO `example` VALUES ('8C2BC7B72C3A437EA736E7BD0052205E', 'F96E90CE661E48A68628B6007198923D', 'SUCCESS', '{\"requestId\":\"9d081b6d-cbdb-403c-a896-2fad68d61d67\",\"code\":\"Success\",\"message\":\"Success\",\"httpCode\":\"200\",\"result\":{\"id\":6,\"uuid\":\"da95e1572e134177875c18a3289de849\",\"myUserCode\":\"da95e1572e134177875c18a3289de842\",\"friendCode\":\"2a10903cdd1646c5934b35a82939640d\",\"applyState\":\"BeSend\",\"applySource\":null,\"createDate\":1468932472000,\"updateDate\":1468932472000}}', '2016-07-19 20:07:28', '1');
INSERT INTO `example` VALUES ('8DA331F5DB774C27B579A2D21BA42C8E', 'B8A72F765D6D4A8DAC3EDDEF7CEB2468', 'SUCCESS', '{\"1\":13,\"2\":18,\"3\":18,\"4\":18,\"5\":3,\"6\":16,\"breakthroughTime\":0,\"challengeDemonTime\":0,\"challengeSchooleId\":1,\"demonAppearTime\":0,\"intelligenceQuestionTime\":0,\"mistakeTime\":0,\"opponentLocation\":15,\"thisSchedule\":\"6\"}', '2015-11-26 15:54:59', '1');
INSERT INTO `example` VALUES ('8F1B5E68A84342EC842FF96D9A53A5CA', 'CDD68C41A3814459A8E32D98CABE108E', 'SUCCESS', '{\"requestId\":\"0da923c7-b1ec-4050-a219-6382f451bcef\",\"code\":\"SUCCESS\",\"message\":\"响应成功\",\"httpCode\":\"200\",\"result\":{\"isPay\":\"1\"}}', null, null);
INSERT INTO `example` VALUES ('90CC2974EEFA4C20992DF2912B8CD54E', '993CE14365794776A9A53099448684BE', 'SUCCESS', '{\"requestId\":\"WEUOW343KL34L26NBSK3\",\"code\":\"Success\",\"message\":\"Success\",\"httpCode\":\"200\",\"result\":{\"smallClassScheduleIsIssue\":false}}', null, null);
INSERT INTO `example` VALUES ('914A19C9637B47C497A1CACDA4BD035C', '671D85F66A4A4665A1274FF94C07AFA1', 'SUCCESS', '{\"requestId\":\"SDFDW3F343JLKL3L5LN43J434\",\"code\":\"Success\",\"message\":\"Success\",\"httpCode\":\"200\",\"result\":{\"agree\":true}}', null, null);
INSERT INTO `example` VALUES ('91857100C74C49DE9E530C6699150C51', '0E116EA0B411429BA811AAC236CE88C4', 'SUCCESS', '{\"requestId\":\"WEUOW343KL34L26NBSK3\",\"code\":\"Success\",\"message\":\"Success\",\"httpCode\":\"200\",\"result\":{\"bigClassScheduleIsIssue\":false}}', null, null);
INSERT INTO `example` VALUES ('9310367514644CD08A86F411B38A31AA', '54852B51EF2A4D29A26D91A892F34D3D', 'SUCCESS', '{\"requestId\":\"67f08a3d-8849-45b3-a639-57a35de62b5f\",\"code\":\"SUCCESS\",\"message\":\"响应成功\",\"httpCode\":\"200\",\"result\":{\"isSave\":\"1\"}}', '2016-08-03 11:08:10', '1');
INSERT INTO `example` VALUES ('93EC4CFBEF264A4B8F0ECB0C37572E85', '9F7EE10BB25E436DB144C20891A64D36', 'SUCCESS', '{\"message\":\"Success\",\"result\":null,\"code\":\"Success\",\"requestId\":null,\"httpCode\":\"200\"}', '2016-03-21 09:24:01', '1');
INSERT INTO `example` VALUES ('9627ADB2DE64488B93DED464A5CFAED8', 'F88C0CF7232A429CA0C8CFE3829AABCB', 'SUCCESS', '{\"requestId\":\"WEUOW343KL34L26NBSK3\",\"code\":\"Success\",\"message\":\"Success\",\"httpCode\":\"200\",\"result\":{\"issueSchedule\":true}}', null, null);
INSERT INTO `example` VALUES ('9760A579DB714C7991202BAFE460305D', 'ACC02C913EC447D481F375C1CB40F99A', 'SUCCESS', '{\"message\":1}', '2015-11-17 11:40:51', '1');
INSERT INTO `example` VALUES ('98E9DEBCFCB343E1918A0C9B6463A39A', null, 'SUCCESS', '{\"message\":1}', '2015-11-11 11:37:37', '1');
INSERT INTO `example` VALUES ('9D2F578F5AD34921B8124EDE6BED1061', '780011C87E914E4BA935DD41EEBD3710', 'SUCCESS', '{\"requestId\":\"1234\",\"code\":\"Success\",\"message\":\"Success\",\"httpCode\":\"200\",\"result\":null}', '2016-07-19 14:07:01', '1');
INSERT INTO `example` VALUES ('9EE8E12F9CDF4BBE8F6700B8DDFBB899', null, 'SUCCESS', '{}', null, null);
INSERT INTO `example` VALUES ('A1C0901ADB9A4CC4AD1B988E1BFCE7F2', '27D22A1FF7144ACBB31F567873F2E40B', 'SUCCESS', '{}', null, null);
INSERT INTO `example` VALUES ('A280DE02DAB84B0BB8E98432A35BF436', 'E9B64C5A676B4545BBDC6139B1CA8260', 'SUCCESS', '{\"requestId\":\"WEUOW343KL34L26NBSK3\",\"code\":\"Success\",\"message\":\"Success\",\"httpCode\":\"200\",\"result\":{\"groupCode\":\"9647e0240df346fcb67d947544fabaf2\"}}', null, null);
INSERT INTO `example` VALUES ('A3A1F2C37B8B4D7DB33060D15C7A8CE7', 'D773BFD06755438283AA3CCEDF890EA4', 'SUCCESS', '{\"message\":1,\"phoneNumber\":\"13681004142\",\"sessionId\":\"B4E017982905478DB4FC58266A7AF0F3\"}', '2015-11-11 13:35:25', '1');
INSERT INTO `example` VALUES ('A3E8E064735F4D82A18EF5D38743E39E', '79FE4387B35749EEAFEA69F1550712D8', 'SUCCESS', '{\"message\":1,\"signAwards\":[{\"signAwardId\":1,\"awardType\":\"GOLD\",\"awardValue\":100,\"signTime\":1},{\"signAwardId\":2,\"awardType\":\"EXP\",\"awardValue\":100,\"signTime\":2},{\"signAwardId\":3,\"awardType\":\"GOLD\",\"awardValue\":200,\"signTime\":3},{\"signAwardId\":4,\"awardType\":\"EXP\",\"awardValue\":200,\"signTime\":4},{\"signAwardId\":5,\"awardType\":\"GOLD\",\"awardValue\":300,\"signTime\":5},{\"signAwardId\":6,\"awardType\":\"EXP\",\"awardValue\":300,\"signTime\":6},{\"signAwardId\":7,\"awardType\":\"GOLD\",\"awardValue\":400,\"signTime\":7},{\"signAwardId\":8,\"awardType\":\"EXP\",\"awardValue\":400,\"signTime\":8},{\"signAwardId\":9,\"awardType\":\"GOLD\",\"awardValue\":500,\"signTime\":9},{\"signAwardId\":10,\"awardType\":\"EXP\",\"awardValue\":500,\"signTime\":10},{\"signAwardId\":11,\"awardType\":\"GOLD\",\"awardValue\":600,\"signTime\":11},{\"signAwardId\":12,\"awardType\":\"EXP\",\"awardValue\":600,\"signTime\":12},{\"signAwardId\":13,\"awardType\":\"GOLD\",\"awardValue\":700,\"signTime\":13},{\"signAwardId\":14,\"awardType\":\"EXP\",\"awardValue\":700,\"signTime\":14},{\"signAwardId\":15,\"awardType\":\"GOLD\",\"awardValue\":800,\"signTime\":15},{\"signAwardId\":16,\"awardType\":\"EXP\",\"awardValue\":800,\"signTime\":16},{\"signAwardId\":17,\"awardType\":\"GOLD\",\"awardValue\":900,\"signTime\":17},{\"signAwardId\":18,\"awardType\":\"EXP\",\"awardValue\":900,\"signTime\":18},{\"signAwardId\":19,\"awardType\":\"GOLD\",\"awardValue\":1000,\"signTime\":19},{\"signAwardId\":20,\"awardType\":\"EXP\",\"awardValue\":1000,\"signTime\":20}]}', '2015-12-03 09:46:36', '1');
INSERT INTO `example` VALUES ('A4F06590612246889ACEBAFD6160141D', 'F5F7B033D066444FA396FF487547727E', 'SUCCESS', '{\"requestId\":\"WEUOW343KL34L26NBSK3\",\"code\":\"Success\",\"message\":\"Success\",\"httpCode\":\"200\",\"result\":{\"students\":[{\"code\":\"1\",\"createDate\":\"2016-09-07 09:58:58\",\"upDate\":null,\"userName\":\"test1\",\"password\":null,\"name\":null,\"province\":null,\"city\":null,\"county\":null,\"identCard\":null,\"mobile\":\"1\",\"courseType\":null,\"payType\":null,\"accessionYear\":null,\"goalType\":null,\"artType\":null,\"state\":null,\"type\":null,\"centerCode\":null,\"classCode\":null,\"groupCode\":null,\"graduated\":null,\"nickName\":\"1\",\"wxId\":null,\"address\":null,\"sex\":1,\"delFlag\":0,\"openId\":null,\"token\":null,\"expire\":null,\"accessKey\":null,\"secretKey\":null,\"accd\":null,\"imToken\":null,\"imName\":null,\"easeobName\":null,\"authSchoolGroupModels\":null,\"authSchoolClassModel\":null,\"authSchoolCenterModel\":null,\"authSchoolDivisionModel\":null,\"authSchoolDistrictModel\":null,\"authSchoolBranchModel\":null,\"authSchoolMainModel\":null,\"authParentModels\":null},{\"code\":\"123\",\"createDate\":\"2016-09-13 11:03:37\",\"upDate\":null,\"userName\":\"demo\",\"password\":null,\"name\":null,\"province\":null,\"city\":null,\"county\":null,\"identCard\":null,\"mobile\":\"15691705273\",\"courseType\":null,\"payType\":null,\"accessionYear\":null,\"goalType\":null,\"artType\":null,\"state\":null,\"type\":null,\"centerCode\":null,\"classCode\":null,\"groupCode\":null,\"graduated\":null,\"nickName\":null,\"wxId\":null,\"address\":null,\"sex\":null,\"delFlag\":0,\"openId\":null,\"token\":null,\"expire\":null,\"accessKey\":null,\"secretKey\":null,\"accd\":null,\"imToken\":null,\"imName\":null,\"easeobName\":null,\"authSchoolGroupModels\":null,\"authSchoolClassModel\":null,\"authSchoolCenterModel\":null,\"authSchoolDivisionModel\":null,\"authSchoolDistrictModel\":null,\"authSchoolBranchModel\":null,\"authSchoolMainModel\":null,\"authParentModels\":null},{\"code\":\"2\",\"createDate\":\"2016-09-13 11:03:37\",\"upDate\":null,\"userName\":\"test2\",\"password\":null,\"name\":null,\"province\":null,\"city\":null,\"county\":null,\"identCard\":null,\"mobile\":null,\"courseType\":null,\"payType\":null,\"accessionYear\":null,\"goalType\":null,\"artType\":null,\"state\":null,\"type\":null,\"centerCode\":null,\"classCode\":null,\"groupCode\":null,\"graduated\":null,\"nickName\":null,\"wxId\":null,\"address\":null,\"sex\":null,\"delFlag\":0,\"openId\":null,\"token\":null,\"expire\":null,\"accessKey\":null,\"secretKey\":null,\"accd\":null,\"imToken\":null,\"imName\":null,\"easeobName\":null,\"authSchoolGroupModels\":null,\"authSchoolClassModel\":null,\"authSchoolCenterModel\":null,\"authSchoolDivisionModel\":null,\"authSchoolDistrictModel\":null,\"authSchoolBranchModel\":null,\"authSchoolMainModel\":null,\"authParentModels\":null},{\"code\":\"3\",\"createDate\":\"2016-09-13 11:03:37\",\"upDate\":null,\"userName\":\"test3\",\"password\":null,\"name\":null,\"province\":null,\"city\":null,\"county\":null,\"identCard\":null,\"mobile\":null,\"courseType\":null,\"payType\":null,\"accessionYear\":null,\"goalType\":null,\"artType\":null,\"state\":null,\"type\":null,\"centerCode\":null,\"classCode\":null,\"groupCode\":null,\"graduated\":null,\"nickName\":null,\"wxId\":null,\"address\":null,\"sex\":null,\"delFlag\":0,\"openId\":null,\"token\":null,\"expire\":null,\"accessKey\":null,\"secretKey\":null,\"accd\":null,\"imToken\":null,\"imName\":null,\"easeobName\":null,\"authSchoolGroupModels\":null,\"authSchoolClassModel\":null,\"authSchoolCenterModel\":null,\"authSchoolDivisionModel\":null,\"authSchoolDistrictModel\":null,\"authSchoolBranchModel\":null,\"authSchoolMainModel\":null,\"authParentModels\":null}]}}', null, null);
INSERT INTO `example` VALUES ('A6205537EAF44D7BB77C632617524A9F', '6549023E7887420EB14736CD95E76DD3', 'SUCCESS', '{\"scopeData\":[{\"sucNumber\":0,\"falNumber\":5,\"date\":\"2016-03-21\"}],\"typeStat\":[{\"number\":5,\"type\":\"log\"}],\"main\":{\"yearSuc\":0,\"monthSuc\":0,\"threeSuc\":0,\"todayFal\":5,\"monthFal\":5,\"sevenSuc\":0,\"threeFal\":5,\"todaySuc\":0,\"halfYearSuc\":0,\"halfYearFal\":5,\"yearFal\":5,\"sevenFal\":5}}', '2016-03-21 14:02:09', '1');
INSERT INTO `example` VALUES ('A746F1E8E21E4B18957CABF36C0C2706', '1D8345881C864FB8896BF2CE2506A649', 'SUCCESS', '{\"requestId\":\"1234567\",\"code\":\"Success\",\"message\":\"Success\",\"httpCode\":\"200\",\"result\":{\"update\":true}}', null, null);
INSERT INTO `example` VALUES ('A8BBBD9961604E2A82CDB82FA766360D', 'C1E8BE8AF9734B1AB00D7048251A559C', 'SUCCESS', '{    \"requestId\": \"2da27a33-76f0-4e86-b71c-904e3c8cf100\",    \"code\": \"Success\",    \"message\": \"Success\",    \"httpCode\": \"200\" ,    \"result\":null}', '2016-07-19 18:07:14', '1');
INSERT INTO `example` VALUES ('AC53166B1BFE4EA7AB1925E9356863C9', 'F2C5C42EF70241A5B19B57E686E5A720', 'SUCCESS', '{\"requestId\":\"WEUOW343KL34L26NBSK3\",\"code\":\"Success\",\"message\":\"Success\",\"httpCode\":\"200\",\"result\":{\"teachers\":[]}}', null, null);
INSERT INTO `example` VALUES ('AFEE52C30DC14820B02A24C8DBA4275B', 'C8364591E98E449E9DDE6D8292DF4BA3', 'SUCCESS', '', '2016-04-29 10:04:33', '1');
INSERT INTO `example` VALUES ('AFEFF66205B24B168811CE1FFF778849', '9652BF1CEBBE43A9B66265822DB4E8B5', 'SUCCESS', '{\"requestId\":\"SDFDW3F343JLKL3L5LN43J434\",\"code\":\"Success\",\"message\":\"Success\",\"httpCode\":\"200\",\"result\":{\"updatePhoneAffirmStatus\":true}}', null, null);
INSERT INTO `example` VALUES ('B3799A1042EE4CCFA1AB13D31E74FAB2', '8A6270EC6105429E84B83E095C9DF141', 'SUCCESS', '{\"message\":1,\"verificationCode\":\"000000\"}', '2015-11-11 10:25:39', '1');
INSERT INTO `example` VALUES ('B4C75B6618814DCF91096064CE83739A', null, 'SUCCESS', 'sdfsd', '2015-11-28 14:53:41', '1');
INSERT INTO `example` VALUES ('BA49CCEE6BB44F128FAAA117F91A55EC', 'D0227FB8D22B4A0083FEC87E9A6A1D61', 'SUCCESS', '{\"requestId\":\"b2b29657-0e6b-4e9f-a61c-44b4c3d1530d\",\"code\":\"SUCCESS\",\"message\":\"响应成功\",\"httpCode\":\"200\",\"result\":{\"isCancel\":\"0\"}}', '2016-08-03 11:08:01', '1');
INSERT INTO `example` VALUES ('BA7ACEC4BC01407AB930E894C0D0C28F', '0B4BF8B8B0A24E16AFFC27E8C5F6276C', 'SUCCESS', '{\"inspirations\":[{\"inspirationId\":1,\"userId\":1,\"coverPicture\":\"upload\\\\image\\\\201511\\\\365562A927784FCF83FC7996E27EEF0A.png\",\"content\":\"减肥还是看使得开发商结婚老师的看法和了似的咖啡碱老师的课了独守空房\",\"illustration\":\"upload\\\\image\\\\201511\\\\F180B410841449B08996733CAB768C9A.jpg\",\"creatDate\":1447723813000,\"isPassCheck\":\"0\",\"isPublish\":\"1\",\"browseTime\":0,\"praiseTime\":0,\"commentTime\":0,\"collectTime\":0,\"isEssence\":null,\"user\":null,\"inspirationComments\":null,\"inspirationUsers\":null}],\"message\":1,\"total\":1,\"totalPages\":1}', '2015-11-17 09:44:53', '1');
INSERT INTO `example` VALUES ('BA8B705DEC1B4340BC29AA55C5AC0704', 'D3104083B3064C328BEC0EA0C79ADA06', 'SUCCESS', '{\"requestId\":\"0feb0ff9-61fd-440b-af00-4328292ff935\",\"code\":\"SUCCESS\",\"message\":\"响应成功\",\"httpCode\":\"200\",\"result\":{\"total\":1,\"pageNumber\":1,\"pageSize\":10,\"totalPages\":1,\"isFirstPage\":true,\"isLastPage\":false,\"isHasNextPage\":false,\"isHasPreviousPage\":false,\"reports\":[{\"gradeName\":\"一年级\",\"title\":\"北京市 2016年高一下学期期末-学情诊断\",\"subjectName\":\"化学\",\"reportDate\":\"2016-08-03 12:08:21\",\"reportId\":88}]}}', '2016-08-03 13:08:10', '1');
INSERT INTO `example` VALUES ('BC03A2AF2957496EB585B948B2636D00', '7B21C20D798D434FB38C88912D1EAAAE', 'SUCCESS', '{}', null, null);
INSERT INTO `example` VALUES ('C22958EA174542A1916D9F19F73CCADB', '6808796B1BEC4E7BB8CC2189FBBA73EF', 'SUCCESS', '{\"requestId\":\"WEUOW343KL34L26NBSK3\",\"code\":\"Success\",\"message\":\"Success\",\"httpCode\":\"200\",\"result\":{\"isDelete\":true}}', null, null);
INSERT INTO `example` VALUES ('C2A923E673CF4751B85CF805926DC899', '372308C89B5045FEBACBA0BB49FFF320', 'SUCCESS', '{\"requestId\":\"6830396ce01a464ab3c97aec9300be0d\",\"code\":\"Success\",\"message\":\"success\",\"httpCode\":\"200\",\"result\":[{\"id\":26,\"vipPrice\":189.0,\"vipType\":null,\"vipDays\":null,\"vipDesc\":null,\"uuid\":\"7f280f9ea9d841dc92ae8300e9000c43\",\"isRelease\":null,\"discountPrice\":null,\"discountStartDate\":null,\"discountEndDate\":null,\"backgroundimg\":null,\"vipSale\":null,\"vipTypeDesc\":null,\"operationManager\":null,\"isAll\":false,\"isDiscount\":false}]}', '2016-07-21 10:07:58', '1');
INSERT INTO `example` VALUES ('C3948845F3024CF09FE57382E464D80B', '9ACEABFEA17241DC9A07F931D652B6AF', 'SUCCESS', '{\"message\":1,\"universityId\":1001,\"universityName\":\"清华大学\"}', '2015-11-28 10:09:18', '1');
INSERT INTO `example` VALUES ('C65FEEAC65B3415289679582069684F5', '54A1EF9FFDBF49ECB6806D8175C7AC69', 'SUCCESS', '{\"requestId\":\"123456\",\"code\":\"Success\",\"message\":\"Success\",\"httpCode\":\"200\",\"result\":{\"password\":\"e10adc3949ba59abbe56e057f20f883e\",\"registerSource\":0,\"type\":0,\"userCode\":\"f4f15acf42244b218a69905242791661\",\"mobile\":\"13126658155\",\"userName\":\"iwrong26658155\",\"isVip\":true,\"VIPExpireTime\":\"2017-03-01 15:55:00\",\"VIPExpireDays\":15,\"isOverdue\":false,\"scanStatus\":\"\",\"createDate\":\"2016-08-08 15:39:39\",\"token\":\"TKCCA660EF0E1EA950\",\"refreshToken\":\"fa2289afa7123a802ef2ef3c22536c8f\",\"expires\":\"1800\"}}', null, null);
INSERT INTO `example` VALUES ('C6675ACC902244E3AF3CB0D7F5963345', '5127645D562A4E93951C815E59EDA32D', 'SUCCESS', '{\"message\":1}', '2015-12-14 15:38:52', '1');
INSERT INTO `example` VALUES ('C6B5E4566B104812952C1BE420C17A42', 'D4BB22FD0942411A879677EAC5C10B50', 'SUCCESS', '{\"requestId\":\"870b00cf-7337-4cc5-98e8-3d16473d6a9c\",\"code\":\"SUCCESS\",\"message\":\"响应成功\",\"result\":{\"reportId\":896,\"testCode\":\"55287EC4CDFB42EB9EE83DD2F2DC3B47\",\"subjectName\":\"化学\",\"subjectCode\":\"23434\",\"gradeName\":\"一年级\",\"gradeCode\":\"12334\",\"title\":\"北京市 2016年高一下学期期末-学情诊断\",\"totalScore\":100,\"useTime\":60,\"answers\":[{\"serialNumber\":1,\"isRight\":false,\"exercisesCode\":\"234534\",\"answer\":\"B\",\"userAnswer\":\"D\"},{\"serialNumber\":2,\"isRight\":true,\"exercisesCode\":\"234535\",\"answer\":\"B\",\"userAnswer\":\"B\"},{\"serialNumber\":3,\"isRight\":true,\"exercisesCode\":\"234536\",\"answer\":\"B\",\"userAnswer\":\"B\"}],\"graspMap\":null,\"errorFrequency\":[{\"knowledgeName\":\"有机化学基础\",\"knowledgeCode\":\"1233455452\",\"errorSize\":1},{\"knowledgeName\":\"常见非金属元素及其化合物\",\"knowledgeCode\":\"1233455452\",\"errorSize\":1},{\"knowledgeName\":\"物质的组成和性质\",\"knowledgeCode\":\"123345545\",\"errorSize\":1},{\"knowledgeName\":\"常见金属元素及其化合物\",\"knowledgeCode\":\"1233455452\",\"errorSize\":1}],\"graspRate\":{\"常见非金属元素及其化合物\":50,\"有机化学基础\":83,\"物质的组成和性质\":50,\"常见金属元素及其化合物\":50}},\"httpCode\":\"200\"}', '2016-08-03 13:08:17', '1');
INSERT INTO `example` VALUES ('C7368773BC064E4CAAD03D532EE7BDA7', '2A599AAC6E94420B8D819D2C6D14DEB0', 'SUCCESS', '{\"challengeSchooleId\":4,\"message\":1,\"opponentLocation\":14,\"thisSchedule\":\"1\"}', '2015-11-26 11:07:41', '1');
INSERT INTO `example` VALUES ('CB13A09027CB464A940B2C3D477E002C', '09D6F3BF8D404293B375918C40E95A05', 'SUCCESS', 'ffff', '2015-12-30 11:52:44', '1');
INSERT INTO `example` VALUES ('CD064D93CDBD486C8C79A979E8AE7B01', '6BAAD463F7A740B9884CBF50C835A05C', 'SUCCESS', '[{\"id\":103855,\"code\":\"93e10b2c16a74276bc214059e272f455\",\"createAt\":1430818821408,\"create_author\":\"admin\",\"update_at\":1430818821408,\"update_author\":null,\"name\":\"集合\",\"lineCode\":\"2ee1c4979f674b468d2faa024bce4b99103855\",\"knowledgeIndex\":\"\",\"parentCode\":\"2ee1c4979f674b468d2faa024bce4b99\",\"isleaf\":true,\"typeCode\":\"0\",\"subjectCode\":\"274ea\",\"gradeCode\":\"83e01\",\"booktype\":\"cec15c81e25040898f5aae9be1dd60ad\",\"isdel\":false,\"startStudyTime\":902,\"endStudyTime\":910,\"version\":1,\"sorts\":103855,\"selfLabel\":false,\"chk\":false},{\"id\":105991,\"code\":\"9ab93965c01149498ad38e7e91534406\",\"createAt\":1430876015189,\"create_author\":\"admin\",\"update_at\":1430876015189,\"update_author\":null,\"name\":\"函数\",\"lineCode\":\"2ee1c4979f674b468d2faa024bce4b99105991\",\"knowledgeIndex\":\"\",\"parentCode\":\"2ee1c4979f674b468d2faa024bce4b99\",\"isleaf\":true,\"typeCode\":\"0\",\"subjectCode\":\"274ea\",\"gradeCode\":\"83e01\",\"booktype\":\"cec15c81e25040898f5aae9be1dd60ad\",\"isdel\":false,\"startStudyTime\":911,\"endStudyTime\":1108,\"version\":1,\"sorts\":105991,\"selfLabel\":false,\"chk\":false}]', '2015-11-11 11:11:16', '1');
INSERT INTO `example` VALUES ('CF6ED19A3CDC42868868900BAFAEBAC8', '6205A4EC8D8945739693FBED1C20C1D2', 'SUCCESS', '[{\"id\":271,\"code\":\"c88ba8a0e85846438937106b17d1282b\",\"createAt\":1430707985129,\"create_author\":\"admin\",\"update_at\":1430707985129,\"bookType\":\"苏教版\",\"subject\":\"a7ecc\",\"grade\":\"83e01\"},{\"id\":275,\"code\":\"8fb417217cd04b35ad561695f734e70a\",\"createAt\":1430708009080,\"create_author\":\"admin\",\"update_at\":1430708009080,\"bookType\":\"鲁科版\",\"subject\":\"a7ecc\",\"grade\":\"83e01\",\"version\":1},{\"id\":279,\"code\":\"0ed8cda6c7b743d789a3137724e09eaf\",\"createAt\":1430708040013,\"create_author\":\"admin\",\"update_at\":1430708040013,\"bookType\":\"人教版\",\"subject\":\"a7ecc\",\"grade\":\"83e01\"}]', '2015-11-11 10:55:24', '1');
INSERT INTO `example` VALUES ('CFB47C6059924DA3B3CABC90D97E9293', 'ABAF572259514DAFB33622C9895F3CF0', 'SUCCESS', '{\"collectExercise\":[{\"subjectCode\":\"274ea\",\"exerciseSize\":5,\"exerciseCodes\":[\"3f3f3b5a92db4d1ea7467d1750a3d698\",\"3f3f3b4a92db4d1ea7467d1750a3d698\",\"3f3f3b4a92db4d1ea7464d1750a3d698\",\"3f3f3b4a92db4d1ea7464d1750a3d690\",\"3f3f3b4a92db4d1ea7464d1750a6d690\"]},{\"subjectCode\":\"be6c8\",\"exerciseSize\":7,\"exerciseCodes\":[\"3f3f3b4a92db4d1ea7464d1750a6d690\",\"4f3f3b4a92db4d1ea7464d1750a6d690\",\"4f3f3b4a92df4d1ea7464d1750a6d690\",\"4f3f3b4a92df4d1ea7464d1750a4d690\",\"4f3f3b4a92df4d1ea7464d1750a4d640\",\"4f3f3b4a92df4d1ea7464d1750a4d641\",\"4f3f3b4a95df4d1ea7464d1750a4d641\"]}]}', '2015-12-02 13:19:45', '1');
INSERT INTO `example` VALUES ('D05FEEE156F64AC78C94060E4395EED8', '3CCEADFD0AF445C8BF68FD3D5DA100C6', 'SUCCESS', '{    \"message\": 1,    \"universities\": [        {            \"universityId\": 1001,            \"university\": \"清华大学\",            \"provinceId\": 1,            \"colleges\": null        },        {            \"universityId\": 1002,            \"university\": \"北京大学\",            \"provinceId\": 1,            \"colleges\": null        },        {            \"universityId\": 1003,            \"university\": \"中国人民大学\",            \"provinceId\": 1,            \"colleges\": null        }]}', '2015-11-16 09:23:13', '1');
INSERT INTO `example` VALUES ('D0DFC671CD76446B8E8E212FBB723AA8', '965EDF63544B4804BE66F1D18518E877', 'SUCCESS', '{\"message\":\"Success\",\"result\":{\"code\":\"482664\"},\"code\":\"Success\",\"requestId\":\"sdfsds2343546546ffsdfw\",\"httpCode\":\"200\"}', '2016-03-17 10:34:01', '1');
INSERT INTO `example` VALUES ('D107DC5A0AD048DEB5CA858AF36438E5', 'DEA10B43B2744149A2E81E98764E5A30', 'SUCCESS', '{\"message\":\"false\"}', '2016-04-21 09:04:43', '1');
INSERT INTO `example` VALUES ('D192940A95854713BF2263AC33A6DECE', '7804E28413444AA48C50D6F39706E4DD', 'SUCCESS', '{\"message\":1}', '2015-11-18 10:04:06', '1');
INSERT INTO `example` VALUES ('D1E285A2A0B541C78610D7CDA14439E6', '92CF6445FB4D449D9889919A8C63A0B9', 'FAILURE', '{\"message\":0}', '2015-11-13 11:25:54', '2');
INSERT INTO `example` VALUES ('D45D7906E38F4929936A7DDB67221C0A', 'C93FB62E19D740B3B74DBBC8FEEA3205', 'SUCCESS', '{}', null, null);
INSERT INTO `example` VALUES ('D5B141E7A00F4892B20B95B8FEA81607', 'D773BFD06755438283AA3CCEDF890EA4', 'FAILURE', '{\"message\":2}', '2015-11-11 13:34:53', '2');
INSERT INTO `example` VALUES ('D670A0F43ED64723B198631BD543D726', '50891CF5DADC4C07B63214E2B1E25F33', 'SUCCESS', '[{\"id\":103807,\"code\":\"2ee1c4979f674b468d2faa024bce4b99\",\"createAt\":1430818776294,\"create_author\":\"admin\",\"update_at\":1430818776294,\"update_author\":null,\"name\":\"必修一\",\"lineCode\":\"2ee1c4979f674b468d2faa024bce4b99\",\"knowledgeIndex\":\"\",\"parentCode\":\"0\",\"isleaf\":true,\"typeCode\":\"0\",\"subjectCode\":\"274ea\",\"gradeCode\":\"83e01\",\"booktype\":\"cec15c81e25040898f5aae9be1dd60ad\",\"isdel\":false,\"startStudyTime\":902,\"endStudyTime\":1108,\"version\":1,\"sorts\":103807,\"selfLabel\":false,\"chk\":false},{\"id\":109649,\"code\":\"0349a81f4761472aa6a7cdd806394372\",\"createAt\":1430880239703,\"create_author\":\"admin\",\"update_at\":1430880239703,\"update_author\":null,\"name\":\"必修四\",\"lineCode\":\"0349a81f4761472aa6a7cdd806394372\",\"knowledgeIndex\":\"\",\"parentCode\":\"0\",\"isleaf\":true,\"typeCode\":\"0\",\"subjectCode\":\"274ea\",\"gradeCode\":\"83e01\",\"booktype\":\"cec15c81e25040898f5aae9be1dd60ad\",\"isdel\":false,\"startStudyTime\":1109,\"endStudyTime\":1231,\"version\":1,\"sorts\":109649,\"selfLabel\":false,\"chk\":false},{\"id\":114247,\"code\":\"9c2eabc140be4aecba57ff4be88a8f03\",\"createAt\":1430888710593,\"create_author\":\"admin\",\"update_at\":1430888710593,\"update_author\":null,\"name\":\"必修五\",\"lineCode\":\"9c2eabc140be4aecba57ff4be88a8f03\",\"knowledgeIndex\":\"\",\"parentCode\":\"0\",\"isleaf\":true,\"typeCode\":\"0\",\"subjectCode\":\"274ea\",\"gradeCode\":\"83e01\",\"booktype\":\"cec15c81e25040898f5aae9be1dd60ad\",\"isdel\":false,\"startStudyTime\":303,\"endStudyTime\":503,\"version\":1,\"sorts\":114247,\"selfLabel\":false,\"chk\":false},{\"id\":118815,\"code\":\"00647543941e4418985afafbaddb1229\",\"createAt\":1430892845077,\"create_author\":\"admin\",\"update_at\":1430892845077,\"update_author\":null,\"name\":\"必修二\",\"lineCode\":\"00647543941e4418985afafbaddb1229\",\"knowledgeIndex\":\"\",\"parentCode\":\"0\",\"isleaf\":true,\"typeCode\":\"0\",\"subjectCode\":\"274ea\",\"gradeCode\":\"83e01\",\"booktype\":\"cec15c81e25040898f5aae9be1dd60ad\",\"isdel\":false,\"startStudyTime\":504,\"endStudyTime\":630,\"version\":1,\"sorts\":118815,\"selfLabel\":false,\"chk\":false}]', '2015-11-11 11:02:29', '1');
INSERT INTO `example` VALUES ('D864A3AB537A453491B26D74335C3A79', '387A33CA1DF744D4AA3CC47A78E3CDB3', 'SUCCESS', '{\"requestId\":\"WEUOW343KL34L26NBSK3\",\"code\":\"Success\",\"message\":\"Success\",\"httpCode\":\"200\",\"result\":{\"teachers\":[{\"teacherName\":\"烦死\",\"teacherCode\":\"9e0a1a95b57e495eb4f2b5ad57ec205e\"},{\"teacherName\":\"2222\",\"teacherCode\":\"b9e5f659676e4685b7c1b100a50c7d81\"},{\"teacherName\":\"0\",\"teacherCode\":\"b2733a79e2fa4f5f828b343d5fd491cc\"},{\"teacherName\":\"12\",\"teacherCode\":\"ab2d4dc632fe409daccdd607c181f061\"}]}}', null, null);
INSERT INTO `example` VALUES ('D881761FB6EC4BAD8FBFF675D9CAD8AA', '6991FB4C864844EBBCF99B92E9B9F2FA', 'SUCCESS', '{\"requestId\":\"25ac3ade-8368-4828-b7fa-9fb3603974f1\",\"code\":\"SUCCESS\",\"message\":\"响应成功\",\"httpCode\":\"200\",\"result\":{\"isPay\":\"1\"}}', null, null);
INSERT INTO `example` VALUES ('DB2A2DFE0F224F818A583B41BF5A7ECF', 'F84FBF59B23943AEBB1DC24C5CC3696B', 'SUCCESS', '{}', null, null);
INSERT INTO `example` VALUES ('DB9F037984174A7389841D0BC800C35C', 'B4637C5E9665406D88BBB182E141BDD2', 'SUCCESS', '[{\"id\":1,\"code\":\"ff7d6\",\"createAt\":1413091692952,\"create_author\":\"libh\",\"update_at\":1413091692952,\"gradeName\":\"一年级\",\"stageCode\":\"41935\"},{\"id\":2,\"code\":\"24156\",\"createAt\":1413091828704,\"create_author\":\"libh\",\"update_at\":1413091828704,\"gradeName\":\"二年级\",\"stageCode\":\"41935\"},{\"id\":3,\"code\":\"09520\",\"createAt\":1413091832512,\"create_author\":\"libh\",\"update_at\":1413091832512,\"gradeName\":\"三年级\",\"stageCode\":\"41935\"},{\"id\":4,\"code\":\"4a5e7\",\"createAt\":1413091836631,\"create_author\":\"libh\",\"update_at\":1413091836631,\"gradeName\":\"四年级\",\"stageCode\":\"41935\"},{\"id\":5,\"code\":\"d2325\",\"createAt\":1413091840563,\"create_author\":\"libh\",\"update_at\":1413091840563,\"gradeName\":\"五年级\",\"stageCode\":\"41935\"},{\"id\":6,\"code\":\"fdfaf\",\"createAt\":1413091845197,\"create_author\":\"libh\",\"update_at\":1413091845197,\"gradeName\":\"六年级\",\"stageCode\":\"41935\"},{\"id\":7,\"code\":\"cf5c3\",\"createAt\":1413092008004,\"create_author\":\"libh\",\"update_at\":1413092008004,\"gradeName\":\"初一\",\"stageCode\":\"b2cf3\"},{\"id\":8,\"code\":\"56e93\",\"createAt\":1413092011640,\"create_author\":\"libh\",\"update_at\":1413092011640,\"gradeName\":\"初二\",\"stageCode\":\"b2cf3\"},{\"id\":9,\"code\":\"eaad3\",\"createAt\":1413092017273,\"create_author\":\"libh\",\"update_at\":1413092017273,\"gradeName\":\"初三\",\"stageCode\":\"b2cf3\"},{\"id\":10,\"code\":\"83e01\",\"createAt\":1413092031548,\"create_author\":\"libh\",\"update_at\":1413092031548,\"gradeName\":\"高一\",\"stageCode\":\"947b8\",\"version\":1},{\"id\":11,\"code\":\"34bbc\",\"createAt\":1413092034856,\"create_author\":\"libh\",\"update_at\":1413092034856,\"gradeName\":\"高二\",\"stageCode\":\"947b8\"},{\"id\":12,\"code\":\"7a811\",\"createAt\":1413092039568,\"create_author\":\"libh\",\"update_at\":1413092039568,\"gradeName\":\"高三\",\"stageCode\":\"947b8\"}]', '2015-11-11 10:41:36', '1');
INSERT INTO `example` VALUES ('DC2E1886C6E14D15995B72FD0C3D3575', '3C178B9F469E4D4B9F1F3612A14160DD', 'SUCCESS', '{\"requestId\":\"WEUOW343KL34L26NBSK3\",\"code\":\"Success\",\"message\":\"Success\",\"httpCode\":\"200\",\"result\":{\"isAddLesson\":false}}', null, null);
INSERT INTO `example` VALUES ('DEFB7C757DE0460AB332986C690429D3', null, null, null, null, null);
INSERT INTO `example` VALUES ('E052FBD0635B46FDA186134BAF37C82C', '5A2262E7A9E149BC8F80BD45B1D62EEB', 'SUCCESS', '[{\"id\":1,\"code\":\"274ea\",\"createAt\":1413177765142,\"create_author\":\"libh\",\"update_at\":1413177765142,\"subjectName\":\"数学\",\"gradeCode\":\"ff7d6,24156,09520,4a5e7,d2325,fdfaf,cf5c3,56e93,eaad3,83e01,34bbc,7a811\",\"version\":4},{\"id\":2,\"code\":\"be6c8\",\"createAt\":1413177788551,\"create_author\":\"libh\",\"update_at\":1413177788551,\"subjectName\":\"英语\",\"gradeCode\":\"ff7d6,24156,09520,4a5e7,d2325,fdfaf,cf5c3,56e93,eaad3,83e01,34bbc,7a811\"},{\"id\":3,\"code\":\"2e426\",\"createAt\":1413177806760,\"create_author\":\"libh\",\"update_at\":1413177806760,\"subjectName\":\"物理\",\"gradeCode\":\"56e93,eaad3,83e01,34bbc,7a811\"},{\"id\":4,\"code\":\"a7ecc\",\"createAt\":1413177818692,\"create_author\":\"libh\",\"update_at\":1413177818692,\"subjectName\":\"化学\",\"gradeCode\":\"eaad3,83e01,34bbc,7a811\"},{\"id\":7,\"code\":\"9c1e0\",\"createAt\":1422513939679,\"create_author\":\"zp\",\"update_at\":1422513939679,\"subjectName\":\"生物\",\"gradeCode\":\"83e01,34bbc,7a811\"},{\"id\":9,\"code\":\"1b0b2\",\"createAt\":1422514008680,\"create_author\":\"zp\",\"update_at\":1422514008680,\"subjectName\":\"历史\",\"gradeCode\":\"83e01,34bbc,7a811\"},{\"id\":11,\"code\":\"fb413\",\"createAt\":1422514016608,\"create_author\":\"zp\",\"update_at\":1422514016608,\"subjectName\":\"地理\",\"gradeCode\":\"83e01,34bbc,7a811\"},{\"id\":13,\"code\":\"5df22\",\"createAt\":1422514023796,\"create_author\":\"zp\",\"update_at\":1422514023796,\"subjectName\":\"政治\",\"gradeCode\":\"83e01,34bbc,7a811\"},{\"id\":15,\"code\":\"f43e2\",\"createAt\":1422514052075,\"create_author\":\"zp\",\"update_at\":1422514052075,\"subjectName\":\"语文\",\"gradeCode\":\"ff7d6,24156,09520,4a5e7,d2325,fdfaf,cf5c3,56e93,eaad3,83e01,34bbc,7a811\",\"version\":2}]', '2015-11-11 10:45:48', '1');
INSERT INTO `example` VALUES ('E5AC41A9701F46E6BFDAA8990A0F835A', '596059BC01754C96BE8BD95F71D38AE0', 'SUCCESS', ' {\"clozeTest\":[{\"id\":143638,\"code\":\"6caee92c3cbc46ec8556c5ef8ddab79e\",\"createAt\":1432688525555,\"create_author\":null,\"update_at\":1432688525557,\"update_author\":null,\"title\":\"GKS05506\",\"stem\":\"对任意等比数列<img src = \'<img src = \'http://iwrong.b0.upaiyun.com/resources_v3/GKS201505181119.files/image022.gif\'></img>\'></img>,下列说法一定正确的是(&nbsp;&nbsp;&nbsp;&nbsp;)\",\"stemPicture\":null,\"option\":\"[{\\\"optionKey\\\":\\\"A\\\",\\\"optionValue\\\":\\\"<img src = \'http://iwrong.b0.upaiyun.com/resources_v3/GKS201505181119.files/image040.gif\'></img>\\\"},{\\\"optionKey\\\":\\\"B\\\",\\\"optionValue\\\":\\\"&nbsp;<img src = \'http://iwrong.b0.upaiyun.com/resources_v3/GKS201505181119.files/image041.gif\'></img>&nbsp;\\\"},{\\\"optionKey\\\":\\\"C\\\",\\\"optionValue\\\":\\\"<img src = \'http://iwrong.b0.upaiyun.com/resources_v3/GKS201505181119.files/image042.gif\'></img>\\\"},{\\\"optionKey\\\":\\\"D\\\",\\\"optionValue\\\":\\\"<img src = \'http://iwrong.b0.upaiyun.com/resources_v3/GKS201505181119.files/image043.gif\'></img>\\\"}]\",\"optionPicture\":null,\"analyze\":\"[{\\\"analyzeKey\\\":\\\"A\\\",\\\"analyzeValue\\\":\\\"通过分析,此选项错误.\\\"},{\\\"analyzeKey\\\":\\\"B\\\",\\\"analyzeValue\\\":\\\"通过分析,此选项错误.\\\"},{\\\"analyzeKey\\\":\\\"C\\\",\\\"analyzeValue\\\":\\\"通过分析,此选项错误.\\\"},{\\\"analyzeKey\\\":\\\"D\\\",\\\"analyzeValue\\\":\\\"<img src = \'http://iwrong.b0.upaiyun.com/resources_v3/GKS201505181119.files/image044.gif\'></img>\\\"}]\",\"analyzePicture\":null,\"knowledgeCode\":null,\"knowledges\":\"数列\",\"productionCode\":null,\"productions\":\"等差数列与等比数列\",\"answer\":\"D\",\"star\":0,\"comment\":null,\"remark\":null,\"audio\":null,\"video\":null,\"source\":\"web\",\"isDel\":false,\"isCheck\":false,\"isCompleted\":3,\"type\":5,\"grade\":\"高三\",\"subject\":\"数学\",\"stage\":null},{\"id\":143640,\"code\":\"25fd2f2f6e234b7dbba24afe3f79a85b\",\"createAt\":1432688550568,\"create_author\":null,\"update_at\":1432688550571,\"update_author\":null,\"title\":\"GKS05507\",\"stem\":\"已知等比数列<img src = \'<img src = \'<img src = \'<img src = \'http://iwrong.b0.upaiyun.com/resources_v3/GKS201505181119.files/image001.gif\'></img>\'></img>\'></img>\'></img>的公比为正数,且<img src = \'<img src = \'http://iwrong.b0.upaiyun.com/resources_v3/GKS201505181119.files/image002.gif\'></img>\'></img>,<img src = \'<img src = \'http://iwrong.b0.upaiyun.com/resources_v3/GKS201505181119.files/image003.gif\'></img>\'></img>,则<img src = \'<img src = \'http://iwrong.b0.upaiyun.com/resources_v3/GKS201505181119.files/image004.gif\'></img>\'></img>(&nbsp;&nbsp;&nbsp;&nbsp;)\",\"stemPicture\":null,\"option\":\"[{\\\"optionKey\\\":\\\"A\\\",\\\"optionValue\\\":\\\"<img src = \'<img src = \'http://iwrong.b0.upaiyun.com/resources_v3/GKS201505181119.files/image005.gif\'></img>\'></img>&nbsp;&nbsp;&nbsp;&nbsp;&nbsp;\\\"},{\\\"optionKey\\\":\\\"B\\\",\\\"optionValue\\\":\\\"<img src = \'<img src = \'http://iwrong.b0.upaiyun.com/resources_v3/GKS201505181119.files/image006.gif\'></img>\'></img>&nbsp;&nbsp;&nbsp;&nbsp;&nbsp;&nbsp;\\\"},{\\\"optionKey\\\":\\\"C\\\",\\\"optionValue\\\":\\\"&nbsp;<img src = \'<img src = \'http://iwrong.b0.upaiyun.com/resources_v3/GKS201505181119.files/image007.gif\'></img>\'></img>&nbsp;&nbsp;&nbsp;&nbsp;&nbsp;\\\"},{\\\"optionKey\\\":\\\"D\\\",\\\"optionValue\\\":\\\"<img src = \'<img src = \'http://iwrong.b0.upaiyun.com/resources_v3/GKS201505181119.files/image008.gif\'></img>\'></img>\\\"}]\",\"optionPicture\":null,\"analyze\":\"[{\\\"analyzeKey\\\":\\\"A\\\",\\\"analyzeValue\\\":\\\"通过分析,此选项错误.\\\"},{\\\"analyzeKey\\\":\\\"B\\\",\\\"analyzeValue\\\":\\\"<img src = \'<img src = \'http://iwrong.b0.upaiyun.com/resources_v3/GKS201505181119.files/image045.gif\'></img>\'></img>\\\"},{\\\"analyzeKey\\\":\\\"C\\\",\\\"analyzeValue\\\":\\\"通过分析,此选项错误.\\\"},{\\\"analyzeKey\\\":\\\"D\\\",\\\"analyzeValue\\\":\\\"通过分析,此选项错误.\\\"}]\",\"analyzePicture\":null,\"knowledgeCode\":null,\"knowledges\":\"数列\",\"productionCode\":null,\"productions\":\"等差数列与等比数列\",\"answer\":\"B\",\"star\":0,\"comment\":null,\"remark\":null,\"audio\":null,\"video\":null,\"source\":\"web\",\"isDel\":false,\"isCheck\":false,\"isCompleted\":3,\"type\":5,\"grade\":\"高三\",\"subject\":\"数学\",\"stage\":null},{\"id\":143640,\"code\":\"25fd2f2f6e234b7dbba24afe3f79a85b\",\"createAt\":1432688550568,\"create_author\":null,\"update_at\":1432688550571,\"update_author\":null,\"title\":\"GKS05507\",\"stem\":\"已知等比数列<img src = \'<img src = \'<img src = \'<img src = \'http://iwrong.b0.upaiyun.com/resources_v3/GKS201505181119.files/image001.gif\'></img>\'></img>\'></img>\'></img>的公比为正数,且<img src = \'<img src = \'http://iwrong.b0.upaiyun.com/resources_v3/GKS201505181119.files/image002.gif\'></img>\'></img>,<img src = \'<img src = \'http://iwrong.b0.upaiyun.com/resources_v3/GKS201505181119.files/image003.gif\'></img>\'></img>,则<img src = \'<img src = \'http://iwrong.b0.upaiyun.com/resources_v3/GKS201505181119.files/image004.gif\'></img>\'></img>(&nbsp;&nbsp;&nbsp;&nbsp;)\",\"stemPicture\":null,\"option\":\"[{\\\"optionKey\\\":\\\"A\\\",\\\"optionValue\\\":\\\"<img src = \'<img src = \'http://iwrong.b0.upaiyun.com/resources_v3/GKS201505181119.files/image005.gif\'></img>\'></img>&nbsp;&nbsp;&nbsp;&nbsp;&nbsp;\\\"},{\\\"optionKey\\\":\\\"B\\\",\\\"optionValue\\\":\\\"<img src = \'<img src = \'http://iwrong.b0.upaiyun.com/resources_v3/GKS201505181119.files/image006.gif\'></img>\'></img>&nbsp;&nbsp;&nbsp;&nbsp;&nbsp;&nbsp;\\\"},{\\\"optionKey\\\":\\\"C\\\",\\\"optionValue\\\":\\\"&nbsp;<img src = \'<img src = \'http://iwrong.b0.upaiyun.com/resources_v3/GKS201505181119.files/image007.gif\'></img>\'></img>&nbsp;&nbsp;&nbsp;&nbsp;&nbsp;\\\"},{\\\"optionKey\\\":\\\"D\\\",\\\"optionValue\\\":\\\"<img src = \'<img src = \'http://iwrong.b0.upaiyun.com/resources_v3/GKS201505181119.files/image008.gif\'></img>\'></img>\\\"}]\",\"optionPicture\":null,\"analyze\":\"[{\\\"analyzeKey\\\":\\\"A\\\",\\\"analyzeValue\\\":\\\"通过分析,此选项错误.\\\"},{\\\"analyzeKey\\\":\\\"B\\\",\\\"analyzeValue\\\":\\\"<img src = \'<img src = \'http://iwrong.b0.upaiyun.com/resources_v3/GKS201505181119.files/image045.gif\'></img>\'></img>\\\"},{\\\"analyzeKey\\\":\\\"C\\\",\\\"analyzeValue\\\":\\\"通过分析,此选项错误.\\\"},{\\\"analyzeKey\\\":\\\"D\\\",\\\"analyzeValue\\\":\\\"通过分析,此选项错误.\\\"}]\",\"analyzePicture\":null,\"knowledgeCode\":null,\"knowledges\":\"数列\",\"productionCode\":null,\"productions\":\"等差数列与等比数列\",\"answer\":\"B\",\"star\":0,\"comment\":null,\"remark\":null,\"audio\":null,\"video\":null,\"source\":\"web\",\"isDel\":false,\"isCheck\":false,\"isCompleted\":3,\"type\":5,\"grade\":\"高三\",\"subject\":\"数学\",\"stage\":null},{\"id\":143642,\"code\":\"79fa80ee441840a0bbb66605a7c743fe\",\"createAt\":1432688574115,\"create_author\":null,\"update_at\":1432688574127,\"update_author\":null,\"title\":\"GKS05508\",\"stem\":\"已知<img src = \'<img src = \'<img src = \'<img src = \'http://iwrong.b0.upaiyun.com/resources_v3/GKS201505181119.files/image001.gif\'></img>\'></img>\'></img>\'></img>为等差数列,<img src = \'<img src = \'http://iwrong.b0.upaiyun.com/resources_v3/GKS201505181119.files/image046.gif\'></img>\'></img>+<img src = \'<img src = \'http://iwrong.b0.upaiyun.com/resources_v3/GKS201505181119.files/image047.gif\'></img>\'></img>+<img src = \'<img src = \'http://iwrong.b0.upaiyun.com/resources_v3/GKS201505181119.files/image048.gif\'></img>\'></img>=105,<img src = \'<img src = \'http://iwrong.b0.upaiyun.com/resources_v3/GKS201505181119.files/image049.gif\'></img>\'></img>=99,以<img src = \'<img src = \'http://iwrong.b0.upaiyun.com/resources_v3/GKS201505181119.files/image050.gif\'></img>\'></img>表示<img src = \'<img src = \'<img src = \'<img src = \'http://iwrong.b0.upaiyun.com/resources_v3/GKS201505181119.files/image001.gif\'></img>\'></img>\'></img>\'></img>的前<img src = \'<img src = \'http://iwrong.b0.upaiyun.com/resources_v3/GKS201505181119.files/image051.gif\'></img>\'></img>项和,则使得<img src = \'<img src = \'http://iwrong.b0.upaiyun.com/resources_v3/GKS201505181119.files/image050.gif\'></img>\'></img>达到最大值的<img src = \'<img src = \'http://iwrong.b0.upaiyun.com/resources_v3/GKS201505181119.files/image051.gif\'></img>\'></img>是(&nbsp;&nbsp;&nbsp;&nbsp;&nbsp;)\",\"stemPicture\":null,\"option\":\"[{\\\"optionKey\\\":\\\"A\\\",\\\"optionValue\\\":\\\"21&nbsp;&nbsp;&nbsp;&nbsp;\\\"},{\\\"optionKey\\\":\\\"B\\\",\\\"optionValue\\\":\\\"20&nbsp;&nbsp;&nbsp;\\\"},{\\\"optionKey\\\":\\\"C\\\",\\\"optionValue\\\":\\\"19&nbsp;&nbsp;&nbsp;\\\"},{\\\"optionKey\\\":\\\"D\\\",\\\"optionValue\\\":\\\"&nbsp;18\\\"}]\",\"optionPicture\":null,\"analyze\":\"[{\\\"analyzeKey\\\":\\\"A\\\",\\\"analyzeValue\\\":\\\"通过分析,此选项错误.\\\"},{\\\"analyzeKey\\\":\\\"B\\\",\\\"analyzeValue\\\":\\\"由<img src = \'<img src = \'http://iwrong.b0.upaiyun.com/resources_v3/GKS201505181119.files/image046.gif\'></img>\'></img>+<img src = \'<img src = \'http://iwrong.b0.upaiyun.com/resources_v3/GKS201505181119.files/image047.gif\'></img>\'></img>+<img src = \'<img src = \'http://iwrong.b0.upaiyun.com/resources_v3/GKS201505181119.files/image048.gif\'></img>\'></img>=105得<img src = \'http://iwrong.b0.upaiyun.com/resources_v3/GKS201505181119.files/image052.gif\'></img>即<img src = \'http://iwrong.b0.upaiyun.com/resources_v3/GKS201505181119.files/image053.gif\'></img>,由<img src = \'<img src = \'http://iwrong.b0.upaiyun.com/resources_v3/GKS201505181119.files/image049.gif\'></img>\'></img>=99得<img src = \'http://iwrong.b0.upaiyun.com/resources_v3/GKS201505181119.files/image054.gif\'></img>即<img src = \'http://iwrong.b0.upaiyun.com/resources_v3/GKS201505181119.files/image055.gif\'></img>,∴<img src = \'http://iwrong.b0.upaiyun.com/resources_v3/GKS201505181119.files/image056.gif\'></img>,<img src = \'http://iwrong.b0.upaiyun.com/resources_v3/GKS201505181119.files/image057.gif\'></img>,由<img src = \'http://iwrong.b0.upaiyun.com/resources_v3/GKS201505181119.files/image058.gif\'></img>得<img src = \'http://iwrong.b0.upaiyun.com/resources_v3/GKS201505181119.files/image059.gif\'></img>,此选项正确.\\\"},{\\\"analyzeKey\\\":\\\"C\\\",\\\"analyzeValue\\\":\\\"通过分析,此选项错误.\\\"},{\\\"analyzeKey\\\":\\\"D\\\",\\\"analyzeValue\\\":\\\"通过分析,此选项错误.\\\"}]\",\"analyzePicture\":null,\"knowledgeCode\":null,\"knowledges\":\"数列\",\"productionCode\":null,\"productions\":\"等差数列与等比数列\",\"answer\":\"B\",\"star\":0,\"comment\":null,\"remark\":null,\"audio\":null,\"video\":null,\"source\":\"web\",\"isDel\":false,\"isCheck\":false,\"isCompleted\":3,\"type\":5,\"grade\":\"高三\",\"subject\":\"数学\",\"stage\":null},{\"id\":143634,\"code\":\"27883f04c2cc423799116be57609a938\",\"createAt\":1432688444066,\"create_author\":null,\"update_at\":1432688444069,\"update_author\":null,\"title\":\"GKS05504\",\"stem\":\"等比数列<img src = \'<img src = \'http://iwrong.b0.upaiyun.com/resources_v3/GKS201505181119.files/image022.gif\'></img>\'></img>中,<img src = \'http://iwrong.b0.upaiyun.com/resources_v3/GKS201505181119.files/image029.gif\'></img>,则数列<img src = \'http://iwrong.b0.upaiyun.com/resources_v3/GKS201505181119.files/image030.gif\'></img>的前8项和等于(&nbsp;&nbsp;&nbsp;&nbsp;&nbsp;)\",\"stemPicture\":null,\"option\":\"[{\\\"optionKey\\\":\\\"A\\\",\\\"optionValue\\\":\\\"6&nbsp;&nbsp;&nbsp;\\\"},{\\\"optionKey\\\":\\\"B\\\",\\\"optionValue\\\":\\\"5&nbsp;&nbsp;&nbsp;\\\"},{\\\"optionKey\\\":\\\"C\\\",\\\"optionValue\\\":\\\"4&nbsp;&nbsp;\\\"},{\\\"optionKey\\\":\\\"D\\\",\\\"optionValue\\\":\\\"3\\\"}]\",\"optionPicture\":null,\"analyze\":\"[{\\\"analyzeKey\\\":\\\"A\\\",\\\"analyzeValue\\\":\\\"通过分析,此选项错误.\\\"},{\\\"analyzeKey\\\":\\\"B\\\",\\\"analyzeValue\\\":\\\"通过分析,此选项错误.\\\"},{\\\"analyzeKey\\\":\\\"C\\\",\\\"analyzeValue\\\":\\\"<img src = \'http://iwrong.b0.upaiyun.com/resources_v3/GKS201505181119.files/image031.jpg\'></img><img src = \'http://iwrong.b0.upaiyun.com/resources_v3/GKS201505181119.files/image032.jpg\'></img>此选项正确.\\\"},{\\\"analyzeKey\\\":\\\"D\\\",\\\"analyzeValue\\\":\\\"通过分析,此选项错误.\\\"}]\",\"analyzePicture\":null,\"knowledgeCode\":null,\"knowledges\":\"数列\",\"productionCode\":null,\"productions\":\"等差数列与等比数列\",\"answer\":\"C\",\"star\":0,\"comment\":null,\"remark\":null,\"audio\":null,\"video\":null,\"source\":\"web\",\"isDel\":false,\"isCheck\":false,\"isCompleted\":3,\"type\":5,\"grade\":\"高三\",\"subject\":\"数学\",\"stage\":null}]}', '2015-11-11 11:20:38', '1');
INSERT INTO `example` VALUES ('EC59E2E80083470B9BC5F63077D8B57B', '9E9B67A867AE4A3A8EF676F1EACFB23F', 'SUCCESS', '{\"requestId\":\"WEUOW343KL34L26NBSK3\",\"code\":\"Success\",\"message\":\"Success\",\"httpCode\":\"200\",\"result\":{\"eduScheduleCode\":\"67C465CA3AA349EE948F2911834998BC\",\"ownerCode\":\"AEDBB67C70B24165817BAEA2B4EBF0D0\",\"eduWeekTimeCode\":\"30A56BA2E71E4BE2BD5DD59BA044C1D6\",\"sections\":[{\"eduSectionCode\":\"05F6AFE0F9C34D159F61285A3B5EB6FF\",\"sectionNumber\":1,\"sectionName\":\"第1节\",\"startTime\":\"8:00\",\"endTime\":\"9:00\",\"duration\":60,\"lessons\":[null,null,null,null,null,null,null,null,null,null,null,null,null,null]},{\"eduSectionCode\":\"BA15920F395947D69C064A1543C00691\",\"sectionNumber\":2,\"sectionName\":\"第2节\",\"startTime\":\"9:00\",\"endTime\":\"10:00\",\"duration\":60,\"lessons\":[null,null,null,null,null,null,null,null,null,null,null,null,null,null]},{\"eduSectionCode\":\"1E2C1ADE05BE4F5EB9B9A9CFDBC5CC62\",\"sectionNumber\":3,\"sectionName\":\"第3节\",\"startTime\":\"10:00\",\"endTime\":\"11:00\",\"duration\":60,\"lessons\":[null,null,null,null,null,null,null,null,null,null,null,null,null,null]},{\"eduSectionCode\":\"BB8DD94E3BD744EB8ACFB3243CA71EC0\",\"sectionNumber\":4,\"sectionName\":\"第4节\",\"startTime\":\"11:00\",\"endTime\":\"12:00\",\"duration\":60,\"lessons\":[null,null,null,null,null,null,null,null,null,null,null,null,null,null]},{\"eduSectionCode\":\"70C9DEA30FE8464B87795E9E066B2FB6\",\"sectionNumber\":5,\"sectionName\":\"第5节\",\"startTime\":\"12:00\",\"endTime\":\"13:00\",\"duration\":60,\"lessons\":[null,null,null,null,null,null,null,null,null,null,null,null,null,null]},{\"eduSectionCode\":\"C6A2026B0DC84EAFB3952C2A470997AD\",\"sectionNumber\":6,\"sectionName\":\"第6节\",\"startTime\":\"13:00\",\"endTime\":\"14:00\",\"duration\":60,\"lessons\":[null,null,null,null,null,null,null,null,null,null,null,null,null,null]},{\"eduSectionCode\":\"4873BF4A228540989BF8B76C02343A1C\",\"sectionNumber\":7,\"sectionName\":\"第7节\",\"startTime\":\"14:00\",\"endTime\":\"15:00\",\"duration\":60,\"lessons\":[null,null,null,null,null,null,null,null,null,null,null,null,null,null]},{\"eduSectionCode\":\"36453DFD44154F4990AEA3EED9D555E5\",\"sectionNumber\":8,\"sectionName\":\"第8节\",\"startTime\":\"15:00\",\"endTime\":\"16:00\",\"duration\":60,\"lessons\":[null,null,null,null,null,null,null,null,null,null,null,null,null,null]},{\"eduSectionCode\":\"F8949AA049254DE2B889C7A720A40AA5\",\"sectionNumber\":9,\"sectionName\":\"第9节\",\"startTime\":\"16:00\",\"endTime\":\"17:00\",\"duration\":60,\"lessons\":[null,null,null,null,null,null,null,null,null,null,null,null,null,null]},{\"eduSectionCode\":\"5F1F4E3C7342470FA36CFD6D4AFF35EB\",\"sectionNumber\":10,\"sectionName\":\"第10节\",\"startTime\":\"17:00\",\"endTime\":\"18:00\",\"duration\":60,\"lessons\":[null,null,null,null,null,null,null,null,null,null,null,null,null,null]},{\"eduSectionCode\":\"396A8459109E44C08C1B70AAA76000BF\",\"sectionNumber\":11,\"sectionName\":\"第11节\",\"startTime\":\"18:00\",\"endTime\":\"19:00\",\"duration\":60,\"lessons\":[null,null,null,null,null,null,null,null,null,null,null,null,null,null]},{\"eduSectionCode\":\"0A1D74DB030543A28D78475A012FF6DC\",\"sectionNumber\":12,\"sectionName\":\"第12节\",\"startTime\":\"19:00\",\"endTime\":\"20:00\",\"duration\":60,\"lessons\":[null,null,null,null,null,null,null,null,null,null,null,null,null,null]},{\"eduSectionCode\":\"8A68133A041B4AFD8198498F2173956E\",\"sectionNumber\":13,\"sectionName\":\"第13节\",\"startTime\":\"20:00\",\"endTime\":\"21:00\",\"duration\":60,\"lessons\":[null,null,null,null,null,null,null,null,null,null,null,null,null,null]},{\"eduSectionCode\":\"083C47911D8A45D8BE590E153C2F315E\",\"sectionNumber\":14,\"sectionName\":\"第14节\",\"startTime\":\"21:00\",\"endTime\":\"22:00\",\"duration\":60,\"lessons\":[null,null,null,null,null,null,null,null,null,null,null,null,null,null]},{\"eduSectionCode\":\"3761C049D1F34DF89A5DA707397F0018\",\"sectionNumber\":15,\"sectionName\":\"第15节\",\"startTime\":\"22:00\",\"endTime\":\"23:00\",\"duration\":60,\"lessons\":[null,null,null,null,null,null,null,null,null,null,null,null,null,null]},{\"eduSectionCode\":\"D30B899CE11245C094CCA592A6313B6C\",\"sectionNumber\":16,\"sectionName\":\"第16节\",\"startTime\":\"23:00\",\"endTime\":\"24:00\",\"duration\":60,\"lessons\":[null,null,null,null,null,null,null,null,null,null,null,null,null,null]}],\"dates\":null,\"weekTimeName\":\"2017年 第1期\"}}', null, null);
INSERT INTO `example` VALUES ('EC68B67653224382A5BFAE57E537D2C9', 'FFEBA8FC0AF14FAA976ED002290E9D38', 'SUCCESS', '{}', null, null);
INSERT INTO `example` VALUES ('F03C1479704A4B718A4DC3A37115942E', '0178AED6425749199DEE285FB9D6A844', 'SUCCESS', '{\"requestId\":\"d7bf68fd-c2ee-4ee1-a054-6fd1c1231f88\",\"code\":\"SUCCESS\",\"message\":\"响应成功\",\"httpCode\":\"200\"}', null, null);
INSERT INTO `example` VALUES ('F06BA6B4B09644A8A025AAA5D2102049', '107FF0F3DF4C4FFB9F61EABCD800D1D9', 'SUCCESS', '{\"requestId\":\"SDDL234LSDK\",\"code\":\"Service.Error\",\"message\":\"The request service process error.\",\"httpCode\":\"500\",\"result\":null}', null, null);
INSERT INTO `example` VALUES ('F1A21B331E0E449B91F3F0C41DDEEA01', '07FB9B1E44C74A66A544DF9E4B341E05', 'SUCCESS', '{}', null, null);
INSERT INTO `example` VALUES ('F2C5014BED3547428B5FF1F756997A0B', null, 'SUCCESS', '{}', null, null);
INSERT INTO `example` VALUES ('F5C415B1EA1B4CF3B8D8A8AF1949705E', '3857C6B81BEA439D966F4D288CB31F72', 'SUCCESS', '{\"responseCode\":\"SUCCESS\",\"responseMesg\":\"响应成功\",\"appid\":\"wxfd22896c1e4be407\",\"partnerid\":\"1335354601\",\"prepayid\":\"wx20160721094513e174c7a2eb0091231394\",\"package\":\"Sign=WXPay\",\"noncestr\":\"9645CF9EEC334C8C9274965123690728\",\"timestamp\":\"1469065502\",\"sign\":\"9A042CCBB4BD483B44B0257F3DCE84F2\",\"outTradeNo\":\"20160715160357000001\"}', '2016-07-21 09:07:17', '1');
INSERT INTO `example` VALUES ('F83B34F219DD4744A1888DDB43D0A13A', '37A1E0B80D4B46A6A3F2B4560A6B6ECF', 'SUCCESS', '{\"requestId\":\"SDDL234LSDK\",\"code\":\"Success\",\"message\":\"Success\",\"httpCode\":\"200\",\"result\":{\"addInvigilateTeacher\":false}}', null, null);
INSERT INTO `example` VALUES ('FA17FF891CD74BDDA5BC6DCD920CE8D7', 'CCCD3D710F594226A2198693364F5972', 'SUCCESS', '{\"regions\":[\"宣武\",\"朝阳\",\"丰台\",\"海淀\",\"东城\",\"昌平\",\"西城\",\"石景山\",\"崇文\"]}', '2015-11-09 15:27:04', '1');
INSERT INTO `example` VALUES ('FB70E3F9DE8E4DEF8FC3126BFC49D04A', 'F55C32A22B8A4E9DA0E17B63CE320749', 'SUCCESS', '{\"requestId\":\"870b00cf-7337-4cc5-98e8-3d16473d6a9c\",\"code\":\"SUCCESS\",\"message\":\"响应成功\",\"result\":{\"reportId\":896,\"testCode\":\"55287EC4CDFB42EB9EE83DD2F2DC3B47\",\"subjectName\":\"化学\",\"subjectCode\":\"23434\",\"gradeName\":\"一年级\",\"gradeCode\":\"12334\",\"title\":\"北京市 2016年高一下学期期末-学情诊断\",\"totalScore\":100,\"useTime\":60,\"answers\":[{\"serialNumber\":1,\"isRight\":false,\"exercisesCode\":\"234534\",\"answer\":\"B\",\"userAnswer\":\"D\"},{\"serialNumber\":2,\"isRight\":true,\"exercisesCode\":\"234535\",\"answer\":\"B\",\"userAnswer\":\"B\"},{\"serialNumber\":3,\"isRight\":true,\"exercisesCode\":\"234536\",\"answer\":\"B\",\"userAnswer\":\"B\"}],\"graspMap\":null,\"errorFrequency\":[{\"knowledgeName\":\"有机化学基础\",\"knowledgeCode\":\"1233455452\",\"errorSize\":1},{\"knowledgeName\":\"常见非金属元素及其化合物\",\"knowledgeCode\":\"1233455452\",\"errorSize\":1},{\"knowledgeName\":\"物质的组成和性质\",\"knowledgeCode\":\"123345545\",\"errorSize\":1},{\"knowledgeName\":\"常见金属元素及其化合物\",\"knowledgeCode\":\"1233455452\",\"errorSize\":1}],\"graspRate\":{\"常见非金属元素及其化合物\":50,\"有机化学基础\":83,\"物质的组成和性质\":50,\"常见金属元素及其化合物\":50}},\"httpCode\":\"200\"}', '2016-08-03 13:08:35', '1');

-- ----------------------------
-- Table structure for interfac
-- ----------------------------
DROP TABLE IF EXISTS `interfac`;
CREATE TABLE `interfac` (
  `INTERFAC_ID` varchar(32) NOT NULL COMMENT '接口编号',
  `MODULE_ID` varchar(32) DEFAULT NULL COMMENT '模块_编号',
  `INTERFAC_NAME` varchar(32) DEFAULT NULL COMMENT '接口名称',
  `INTERFAC_CODE` varchar(32) DEFAULT NULL COMMENT '接口代码',
  `INTERFAC_INTRO` varchar(256) DEFAULT NULL COMMENT '接口简介',
  `URL` varchar(256) DEFAULT NULL COMMENT '接口链接',
  `RETURN_DATA_TYPE` varchar(16) DEFAULT NULL COMMENT '返回数据类型',
  `REQUEST_TYPE` varchar(16) DEFAULT NULL COMMENT '请求方式',
  `STYLE` varchar(16) DEFAULT NULL COMMENT '风格',
  `CREAT_DATE` datetime DEFAULT NULL COMMENT '创建时间',
  `WEIGHT` int(11) DEFAULT NULL COMMENT '权重',
  `PARAMETER_FORMAT` varchar(16) DEFAULT NULL COMMENT '参数格式',
  `JSON_PARAMETERS` text COMMENT 'JSON格式的参数',
  PRIMARY KEY (`INTERFAC_ID`),
  KEY `FK_INTERFACE_MODULE` (`MODULE_ID`),
  CONSTRAINT `FK_INTERFACE_MODULE` FOREIGN KEY (`MODULE_ID`) REFERENCES `module` (`MODULE_ID`) ON DELETE CASCADE ON UPDATE SET NULL
) ENGINE=InnoDB DEFAULT CHARSET=utf8 COMMENT='接口_接口';

-- ----------------------------
-- Records of interfac
-- ----------------------------
INSERT INTO `interfac` VALUES ('0178AED6425749199DEE285FB9D6A844', '11AF79E5149645D7AC554E2614683E04', '购买VIP后修改用户诊断报告状态', 'undefined', 'undefined', 'http://211.157.179.218:8280/hxs_tutorship/report/updateReportState', 'JSON', 'POST', 'GENERAL', null, '6', 'JSON', '{\"userCode\":\"c8be870fe0a64270b2ad7ae5bf7ad40a\",\"reportId\":\"905\"}');
INSERT INTO `interfac` VALUES ('02762319B9244002853367CC2772A223', '5AF98192119F4DECA09E2C8525A73FA7', '注册', 'undefined', 'undefined', 'http://www.docin.com/p-890884029.html', 'JSON', 'POST', 'REST', null, '3', 'JSON', null);
INSERT INTO `interfac` VALUES ('0286EAE7EF6048F18BE82E5259E3E467', 'DCF4F8B3DA7F4308B33C43A12C6454C8', '单元检测报告是否支付', 'undefined', 'undefined', 'http://127.0.0.1/wisdom-companion/action/wexinPay/isPay', 'JSON', 'POST', 'GENERAL', null, '2', 'JSON', '{\"userCode\":\"123\",\"sectionCode\":\"123\"}');
INSERT INTO `interfac` VALUES ('032FF75F7D574B10B32FAD8DE62D619B', 'B39649DA631243ECA70409ABF3F7ABB2', '支付测试报告', 'undefined', 'undefined', 'http://192.168.1.12:8080/fighting/report/pay', 'JSON', 'POST', 'GENERAL', null, '5', 'GENERAL', null);
INSERT INTO `interfac` VALUES ('06C5E1116C1042B6B8EB104BEA9260D5', '9BC45F488F204652A8283069E05AA23B', '关键字查询高校', 'getUniversityByKeyWord', '', 'http://192.168.1.165:8080/goodstudent/universityController/getUniversityByKeyWord.go', 'JSON', 'POST', 'GENERAL', null, '6', 'GENERAL', null);
INSERT INTO `interfac` VALUES ('07FB9B1E44C74A66A544DF9E4B341E05', '2E6B5DADE16346C285E89DF752D2A662', '重置密码时发送验证码', 'undefined', 'undefined', 'http://127.0.0.1/wisdom-companion/action/wexinController/restPasswordSms', 'JSON', 'POST', 'GENERAL', null, '4', 'JSON', '{\"mobile\":\"13681004143\"}');
INSERT INTO `interfac` VALUES ('09D6592DF9DC43D096736A23F5EBDAD3', '11AF79E5149645D7AC554E2614683E04', '支付宝支付获取订单信息', 'undefined', 'undefined', 'http://192.168.1.124:8181/hxs_tutorship/zhifubao/getZhifubaoOrderInfo', 'JSON', 'POST', 'GENERAL', null, '3', 'JSON', '{\"userUniqueId\":\"4739482039820394209383409\",\"testCode\":\"55287EC4CDFB42EB9EE83DD2F2DC3B44\",\"type\":\"GAO_ZHONG\"}');
INSERT INTO `interfac` VALUES ('09D6F3BF8D404293B375918C40E95A05', '9BA8F917653249DC893D55103861D374', '注册', 'undefined', 'undefined', 'http://', 'JSON', 'POST', 'GENERAL', null, '1', 'GENERAL', null);
INSERT INTO `interfac` VALUES ('0B4BF8B8B0A24E16AFFC27E8C5F6276C', 'D53CD115CE034EBFAE5D97FC305A0F87', '分页查询感悟', 'pagingSelectInspirations', '', 'http://192.168.1.165:8080/goodstudent/inspiration/pagingSelectInspirations.go', 'JSON', 'POST', 'GENERAL', null, '4', 'GENERAL', null);
INSERT INTO `interfac` VALUES ('0BDB1BD77A3D42839652AE8A15AC3FFD', '262CF99A85E24CFCA0176980F97FCF9C', '获取学生作业答题详情', 'undefined', 'undefined', 'http://192.168.1.213:8080/keepMark-teacher-business/partTeacher/getStudentWork?requestId=SDDL234LSDK', 'JSON', 'POST', 'GENERAL', null, '2', 'JSON', '{\"crouseCode\":\"JSLDF2LK334LK2L\",\"studentCode\":\"FJ2J4K654L7K\"}');
INSERT INTO `interfac` VALUES ('0D3DC6671B054FA497BCA7C2DBA30D9A', '56BA2AA2F2104A388671CC8B79BB261A', '注册', 'undefined', 'undefined', 'http://www.docin.com/p-890884029.html', 'JSON', 'POST', 'GENERAL', null, '1', 'GENERAL', null);
INSERT INTO `interfac` VALUES ('0E116EA0B411429BA811AAC236CE88C4', 'D6F9BA8A7DE045A99A97A20B2DCCD81D', '查看大班课是否发布', 'undefined', 'undefined', 'http://192.168.1.213:8080/keepMark-teacher-business/teaching/course/bigClassScheduleIsIssue?requestId=WEUOW343KL34L26NBSK3', 'JSON', 'POST', 'GENERAL', null, '12', 'JSON', '{   \"weekTimeCode\":\"1E68781D9DF84C2E9F98E663FB18AF46\",\"bigClassCode\":\"6a02d783bb2b4cae996184a15f24cd8b\"}');
INSERT INTO `interfac` VALUES ('0E1AAD989CA3432CB12F81887E7E7CAB', 'F25E5F1067314F79820714922077EB9B', '支付宝统一下单', 'undefined', 'undefined', 'http://127.0.0.1:8081/uutool/pay/weixin/unifiedorder', 'JSON', 'POST', 'GENERAL', null, '0', 'JSON', '{ \"outTradeNo\":\"dsfsdfds\",   \"body\":\"dfsdf\",\"totalFee\":\"1\",\"openId\":\"fsdfsd\",\"password\":\"dfsdfds\",\"spbillCreateIp\":\"127.0.0.1\"}');
INSERT INTO `interfac` VALUES ('0F89F5A7C7B74477A5453417224CE199', '2E6B5DADE16346C285E89DF752D2A662', '获取手机验证码', 'undefined', 'undefined', 'http://192.168.1.213/wisdom-companion/wisdom-companion/user/verifyCode?requestId=123456', 'JSON', 'POST', 'GENERAL', null, '2', 'JSON', '{       \"mobile\": \"13681004142\" ,         \"type\": \"register\"   }');
INSERT INTO `interfac` VALUES ('107FF0F3DF4C4FFB9F61EABCD800D1D9', '12C86AA627FD422688EB7568000CE1D5', '分班后list', 'undefined', 'undefined', 'http://192.168.1.213:8080/keepMark-teacher-business/teaching/placement/list?requestId=SDDL234LSDK', 'JSON', 'POST', 'GENERAL', null, '1', 'JSON', '{\"schoolCenterCode\":\"SLDFL2J3L2L\"}');
INSERT INTO `interfac` VALUES ('10FA60732D0E47C0972013B5D404DF62', 'DCF4F8B3DA7F4308B33C43A12C6454C8', '微信支付统一下单', 'undefined', 'undefined', '  http://192.168.1.213/wisdom-companion/action/wexinPay/unifyOrder', 'JSON', 'POST', 'GENERAL', null, '1', 'JSON', '{ \"openid\":\"oPn4l1UleT_n8vgER_KAHB-0p4VY\",\"sectionCode\":\"qwer\",\"userCode\":\"234345\",\"spbillCreateIp\":\"127.0.0.1\",\"body\":\"测试\"}');
INSERT INTO `interfac` VALUES ('12733182B9164CAFA0A07AB202E96BA7', 'DBA947337D4943D688B417A08C8027ED', '删除练习记录', 'deleteExercise', '', 'http://192.168.1.165:8080/goodstudent/answerRecordController/deleteExercise.go', 'JSON', 'POST', 'GENERAL', null, '4', 'GENERAL', null);
INSERT INTO `interfac` VALUES ('13F9A466F14C42EF90D4BAC488B75D40', 'A6DD4D0399004830BB902DD55EBAC215', '支付宝支付获取订单信息（VIP包）', 'undefined', 'undefined', 'http://192.168.1.124:8181/hxs_tutorship/zhifubao/getZhifubaoOrderInfo4vip', 'JSON', 'POST', 'GENERAL', null, '1', 'JSON', '{\"userUniqueId\":\"4739482039820394209383409\",\"vipProductCode\":\"55287EC4CD\",\"type\":\"GAO_ZHONG\",\"body\":\"好学生VIP-2个月\",\"totalFee\":22.01}');
INSERT INTO `interfac` VALUES ('147FC35D42DC4B149F4AF5D639A698D9', 'D89E8C10EB4543D0B4C4D607C2BBFB62', '自定义短信发送', 'undefined', 'undefined', 'http://127.0.0.1:8080/uutool/sms/sendCustomMessage?', 'JSON', 'POST', 'GENERAL', null, '4', 'JSON', '{  \"requestId\":\"sdfsds2343546546ffsdfw\",  \"openId\":\"d4ae37ce-24a8-4763-82b5-51b261a416c8\",  \"password\":\"e10adc3949ba59abbe56e057f20f883e\",  \"phone\":\"13281004142\",  \"sendType\":\"xxoo\",  \"keys\":[{\"key1\":\"he chen\"},{\"key2\":\"938427329384\"}]}');
INSERT INTO `interfac` VALUES ('16A3E536E68840FF90BDAACE55CDAF4E', '262CF99A85E24CFCA0176980F97FCF9C', '获取老师 的学生的 作业列表', 'undefined', 'undefined', 'http://192.168.1.213:8080/keepMark-teacher-business/partTeacher/teacher/getStudentWorkes?requestId=SDDL234LSDK', 'JSON', 'POST', 'GENERAL', null, '1', 'JSON', '{\"teacherCode\":\"LSDFJLDFJSSKF\",\"subjectCode\":\"JLSD24LK\",\"pageNumber\":1,\"pageSize\":10}');
INSERT INTO `interfac` VALUES ('16AB1249170F470781DB04E4BBA79C9F', '03202D02B0B9422381A9FD38153BDD09', '获取关卡信息', 'undefined', 'undefined', 'http://192.168.1.165:8080/goodstudent/challengeSchoolController/getCustomsBarrier.go', 'JSON', 'POST', 'GENERAL', null, '6', 'GENERAL', null);
INSERT INTO `interfac` VALUES ('1D8345881C864FB8896BF2CE2506A649', '064CEDB84BA64064ACBA69FC95FAC89D', '更新学生类型', 'undefined', 'undefined', 'http://192.168.1.213:8080/keepMark-teacher-business/teaching/update/studentType?requestId=1234567', 'JSON', 'POST', 'GENERAL', null, '0', 'JSON', '{\"studentCode\":\"OWEIUROIOWEWOERIEIRLKSDJF\",\"studentType\":\"1\"}');
INSERT INTO `interfac` VALUES ('27482538BA2B4D2C90F7336510505A20', 'E77899B08FD7484CA1880485943F991B', '推送消息', 'undefined', 'undefined', 'http://127.0.0.1:8080/uutool/jpush/push?', 'JSON', 'POST', 'GENERAL', null, '3', 'GENERAL', null);
INSERT INTO `interfac` VALUES ('276B85014DCA4347B5C3854862CFEA5A', '69E4ACCCA83641D984AD02B7D4F88854', '找回密码', 'findPassword', '', 'http://192.168.1.165:8080/goodstudent/loginController/findPassword.go ', 'JSON', 'POST', 'GENERAL', null, '5', 'GENERAL', null);
INSERT INTO `interfac` VALUES ('27D22A1FF7144ACBB31F567873F2E40B', '262CF99A85E24CFCA0176980F97FCF9C', '兼职老师根据中心,班级,阶段,获取我的学生列表', 'undefined', 'undefined', 'http://192.168.1.213:8080/keepMark-teacher-business/partTeacher/getMyStudentList?requestId=SDDL234LSDK', 'JSON', 'POST', 'GENERAL', null, '0', 'JSON', '{\"teacherCode\":\"SDLKSJDLKFJIE\"}');
INSERT INTO `interfac` VALUES ('2A599AAC6E94420B8D819D2C6D14DEB0', '03202D02B0B9422381A9FD38153BDD09', '保存战名校记录', 'saveChallengingSchool', '', 'http://192.168.1.165:8080/goodstudent/challengeSchoolController/saveChallengingSchool.go', 'JSON', 'POST', 'GENERAL', null, '1', 'GENERAL', null);
INSERT INTO `interfac` VALUES ('314CBECB6B95463BB64E151700FA4F90', 'B39649DA631243ECA70409ABF3F7ABB2', '获取测试报告列表', 'undefined', 'undefined', 'http://192.168.1.12:8080/fighting/report/getReportList', 'JSON', 'POST', 'GENERAL', null, '2', 'GENERAL', null);
INSERT INTO `interfac` VALUES ('340372AF5B2D49659E257FC55D3FB0C7', '69E4ACCCA83641D984AD02B7D4F88854', '上传头像', 'uploadFaceImage', '', 'http://192.168.1.165:8080/goodstudent/uploadPicterController/uploadFaceImage.go', 'JSON', 'POST', 'GENERAL', null, '4', 'FILE', null);
INSERT INTO `interfac` VALUES ('34045A916D834BEAA4244C6B9F949A08', 'D6F9BA8A7DE045A99A97A20B2DCCD81D', '删除课时（一对一调课）', 'undefined', 'undefined', 'http://192.168.1.213:8080/keepMark-teacher-business/teaching/course/delectLession?requestId=WEUOW343KL34L26NBSK3', 'JSON', 'POST', 'GENERAL', null, '6', 'JSON', '{    \"weekTimeCode\":\"30A56BA2E71E4BE2BD5DD59BA044C1D6\",    \"teacherCode\":\"AEDBB67C70B24165817BAEA2B4EBF0D0\",    \"studentCode\":\"AEDBB67C70B24165817BAEA2B4EBF0D0\",    \"eduDayCode\":\"8C14F9CAC70F4FEFA91BE2B0DF999092\",    \"eduSectionCode\":\"0A1D74DB030543A28D78475A012FF6DC\"}');
INSERT INTO `interfac` VALUES ('36052A2420D248F2835985FE7901AE93', '6C6EF692C14540339E98D907732AFAF7', '获取用户签到信息', 'getSign', '', 'http://192.168.1.156:8080/goodstudent/signAwardController/getSign.go', 'JSON', 'POST', 'GENERAL', null, '2', 'GENERAL', null);
INSERT INTO `interfac` VALUES ('372308C89B5045FEBACBA0BB49FFF320', 'CFD07FD626CB413A8FA0F50D0E5F7723', '获取VIP包列表', 'undefined', 'undefined', 'http://192.168.1.69:8081/hxs-challenge-service/challenge/vip_pack/vip_pack_list', 'JSON', 'POST', 'GENERAL', null, '0', 'GENERAL', null);
INSERT INTO `interfac` VALUES ('37A1E0B80D4B46A6A3F2B4560A6B6ECF', '3B4387E43C5945DEB2158C26F833EC08', '新增监考老师', 'undefined', 'undefined', 'http://192.168.1.213:8080/keepMark-teacher-business/teaching/add/invigilateTeacher?requestId=SDDL234LSDK', 'JSON', 'POST', 'GENERAL', null, '0', 'JSON', '{\"teacherCodes\":[ \"JLS7S9FS90SFFS0\",\"JLS7S9FS90SFFS1\",\"JLS7S9FS90SFFS2\"]}');
INSERT INTO `interfac` VALUES ('3857C6B81BEA439D966F4D288CB31F72', '11AF79E5149645D7AC554E2614683E04', '微信支付统一下单', 'undefined', 'undefined', 'http://192.168.1.124:8181/hxs_tutorship/weixin/unifyOrder', 'JSON', 'POST', 'GENERAL', null, '1', 'JSON', '{\"userUniqueId\":\"4739482039820394209383409\",\"testCode\":\"55287EC4CDFB42EB9EE83DD2F2DC3B44\",\"type\":\"GAO_ZHONG\",\"spbillCreateIp\":\"127.0.0.1\"}');
INSERT INTO `interfac` VALUES ('387A33CA1DF744D4AA3CC47A78E3CDB3', 'D6F9BA8A7DE045A99A97A20B2DCCD81D', '获取小班课上课老师', 'undefined', 'undefined', 'http://192.168.1.213:8080/keepMark-teacher-business/teaching/course/findTeacherByFreeTimeAndCourseCode?requestId=WEUOW343KL34L26NBSK3', 'JSON', 'POST', 'GENERAL', null, '7', 'JSON', '{\"weekTimeCode\":\"30A56BA2E71E4BE2BD5DD59BA044C1D6\",\"dayCode\":\"8C14F9CAC70F4FEFA91BE2B0DF999092\",\"sectionCode\":\"05F6AFE0F9C34D159F61285A3B5EB6FF\",\"courseCode\":\"1\"}');
INSERT INTO `interfac` VALUES ('3C178B9F469E4D4B9F1F3612A14160DD', 'D6F9BA8A7DE045A99A97A20B2DCCD81D', '给课程表添加课时', 'undefined', 'undefined', 'http://192.168.1.213:8080/keepMark-teacher-business/teaching/course/addLesson?requestId=WEUOW343KL34L26NBSK3', 'JSON', 'POST', 'GENERAL', null, '3', 'JSON', '{    \"eduScheduleCode\":\"5BB1A6EBC59145298EE892D14BC7A897\",    \"eduDayCode\":\"8C14F9CAC70F4FEFA91BE2B0DF999092\",    \"eduSectionCode\":\"0A1D74DB030543A28D78475A012FF6DC\",    \"subjectCode\":\"FDG45\",    \"subjectName\":\"语文\",    \"curriculumCode\":\"3505088EAE604A29954E16EC3C0A5632\",    \"mainTeacherCode\":\"3505088EAE604A29954E16EC3C0A5632\",    \"lessonType\":\"1\",    \"courseType\":\"1\",    \"ownerCode\":\"SFJLSFJSKDFSLKLSDK\",     \"ownerName\":\"张三\"}');
INSERT INTO `interfac` VALUES ('3CCEADFD0AF445C8BF68FD3D5DA100C6', '9BC45F488F204652A8283069E05AA23B', '获取省内大学', 'getUniversity', '', 'http://192.168.1.165:8080/goodstudent/universityController/getUniversity.go', 'JSON', 'POST', 'GENERAL', null, '5', 'GENERAL', null);
INSERT INTO `interfac` VALUES ('3F6D7DC39B034AE494581E78F46A26E7', '064CEDB84BA64064ACBA69FC95FAC89D', '确认学生已缴费', 'undefined', 'undefined', 'http://192.168.1.213:8080/keepMark-teacher-business/teaching/payAgree?requestId=SDFDW3F343JLKL3L5LN43J434', 'JSON', 'POST', 'GENERAL', null, '5', 'JSON', '{\"studentCode\":\"OWEIUROIOWEWOERIEIRLKSDJF\"}');
INSERT INTO `interfac` VALUES ('405956C5213043B09F8DD558E57DB2CF', '667A1283506847768AD1A29D255B4141', '用户登出', 'undefined', 'undefined', 'http://192.168.1.12:8020/challenge/user/logout?requestId=1234', 'JSON', 'POST', 'GENERAL', null, '2', 'JSON', '{       \"televisionCode\": \"televisionCode\" ,         \"userCode\": \"userCode\"     }');
INSERT INTO `interfac` VALUES ('4304042CC433435F90755911928453D8', '2E6B5DADE16346C285E89DF752D2A662', '用户注册', 'undefined', 'undefined', 'http://127.0.0.1/wisdom-companion/action/wexinController/register', 'JSON', 'POST', 'GENERAL', null, '0', 'JSON', '{   \"openId\":\"oLTqh0ZhUoBsy7Vg3ecerJ8QLOsk\"   , \"mobile\": \"13681004142\" ,         \"password\": \"670B14728AD9902AECBA32E22FA4F6BD\"     }');
INSERT INTO `interfac` VALUES ('439694BABAA64E1496BCE761BD42240A', 'B39649DA631243ECA70409ABF3F7ABB2', '提交答题', 'undefined', 'undefined', 'http://192.168.1.12:8080/fighting/report/submit', 'JSON', 'POST', 'GENERAL', null, '1', 'JSON', null);
INSERT INTO `interfac` VALUES ('43D35B67CA9748329EDDEE20F4A9B158', '9DE564AB71BB4FC687BC40D566B9422B', '根据习题编号查询习题详情', 'wareHouseController', '', 'http://192.168.1.165:8080/goodstudent/wareHouseController/getExerciseByCode.go', 'JSON', 'POST', 'GENERAL', null, '9', 'GENERAL', null);
INSERT INTO `interfac` VALUES ('46FF1F024CFB4CE9887B2DED32D8E8A7', 'B39649DA631243ECA70409ABF3F7ABB2', '获取测试报告', 'undefined', 'undefined', 'http://192.168.1.12:8080/fighting/report/getReport', 'JSON', 'POST', 'GENERAL', null, '3', 'GENERAL', null);
INSERT INTO `interfac` VALUES ('50891CF5DADC4C07B63214E2B1E25F33', '9DE564AB71BB4FC687BC40D566B9422B', '获取顶层知识树', 'getKnowledgeTree', '', 'http://192.168.1.165:8080/goodstudent/wareHouseController/getKnowledgeTree.go', 'JSON', 'GET', 'GENERAL', null, '4', 'GENERAL', null);
INSERT INTO `interfac` VALUES ('50DCDD2D161043A7A4AC94E7F2524203', '9BC45F488F204652A8283069E05AA23B', '关键字搜索学校', 'getSchoolByKey', '', 'http://192.168.1.165:8080/goodstudent/schoolController/getSchoolByKey.go', 'JSON', 'POST', 'GENERAL', null, '4', 'GENERAL', null);
INSERT INTO `interfac` VALUES ('5127645D562A4E93951C815E59EDA32D', '69E4ACCCA83641D984AD02B7D4F88854', '问题反馈', 'TicklingController', '', 'http://192.168.1.165:8080/goodstudent/ticklingController/submintTickling.go', 'JSON', 'POST', 'GENERAL', null, '13', 'GENERAL', null);
INSERT INTO `interfac` VALUES ('526E20A146F149D8AFE1C0DA8C5CA023', '78411767936247BC86C8F8FBB1A004AD', '中心添加教学周期', 'undefined', 'undefined', 'http://192.168.1.213:8080/keepMark-teacher-business/teaching/course/addWeekTime?requestId=WEUOW343KL34L26NBSK3', 'JSON', 'POST', 'GENERAL', null, '1', 'JSON', '{\"centerCode\":\"AAAAA\",\"weekStartTime\":\"2017-01-16\",\"weekEndTimeStr\":\"2017-01-29\"}');
INSERT INTO `interfac` VALUES ('54852B51EF2A4D29A26D91A892F34D3D', '4ED6A4A934EA432DB5D0F4F4A04BBE1F', '收藏练习题', 'undefined', 'undefined', 'http://192.168.1.124:8181/hxs_tutorship/collectTestController/collectTest', 'JSON', 'POST', 'GENERAL', null, '0', 'JSON', '{    \"testCode\":\"47923742983\",    \"userUniqueId\":\"4739482039820394209383409\",    \"testTitile\":\"将联手对抗是垃圾地方就是懒得看飞机螺丝钉看法就老师的课\",    \"userAnswer\":\"A\",    \"subjectName\":\"语文\",    \"subjectCode\":\"39484\",    \"gradeName\":\"一年级\",    \"gradeCode\":\"354566\",    \"source\":\"同步辅导\"}');
INSERT INTO `interfac` VALUES ('54A1EF9FFDBF49ECB6806D8175C7AC69', '2E6B5DADE16346C285E89DF752D2A662', '用户登录', 'undefined', 'undefined', 'http://127.0.0.1/wisdom-companion/action/wexinController/login', 'JSON', 'POST', 'GENERAL', null, '1', 'JSON', '{\"openId\": \"oLTqh0ZhUoBsy7Vg3ecerJ8QLOsk\" , \"mobile\": \"13681004142\",   \"password\": \"670B14728AD9902AECBA32E22FA4F6BD\" }');
INSERT INTO `interfac` VALUES ('5635376B0DDF43839C976A945863D356', '9BC45F488F204652A8283069E05AA23B', '获取省 直辖市', 'getProvince', '根据省 直辖市 获取下面的市和地区', 'http://192.168.1.165:8080/goodstudent/schoolController/getProvince.go', 'JSON', 'POST', 'GENERAL', null, '1', 'GENERAL', null);
INSERT INTO `interfac` VALUES ('596059BC01754C96BE8BD95F71D38AE0', '9DE564AB71BB4FC687BC40D566B9422B', '获取习题', 'getExercises', '', 'http://192.168.1.165:8080/goodstudent/wareHouseController/getExercises.go ', 'JSON', 'POST', 'GENERAL', null, '6', 'GENERAL', null);
INSERT INTO `interfac` VALUES ('5972EA20C7EF4274BB3AB177A649B90F', 'A19CAABA11124625B1BF6F71BCEC3E20', '获取好友列表', 'undefined', 'undefined', 'http://192.168.1.12:8020/challenge/user/friend/list?requestId=1234', 'JSON', 'POST', 'GENERAL', null, '2', 'JSON', '{\"myUserCode\":\"test\"}');
INSERT INTO `interfac` VALUES ('5A2262E7A9E149BC8F80BD45B1D62EEB', '9DE564AB71BB4FC687BC40D566B9422B', '获取学科', 'getSubject', '', 'http://192.168.1.165:8080/goodstudent/wareHouseController/ getSubject.go', 'JSON', 'GET', 'GENERAL', null, '2', 'GENERAL', null);
INSERT INTO `interfac` VALUES ('5B6417A7B8CB45798D982475C42FF91A', '122629339C164AB39D63E7EC975C9D7A', '获取测试类型', 'undefined', 'undefined', 'http://192.168.1.12:8080/fighting/test/getTestType', 'JSON', 'POST', 'GENERAL', null, '4', 'GENERAL', null);
INSERT INTO `interfac` VALUES ('5B94C75BC03B44CC86A1DE0A5FE99175', '12C86AA627FD422688EB7568000CE1D5', '给学生们分班', 'undefined', 'undefined', 'http://192.168.1.213:8080/keepMark-teacher-business/teaching/placement?requestId=SDDL234LSDK', 'JSON', 'POST', 'GENERAL', null, '0', 'JSON', '{   \"schoolCenterCode\":\"SLJL3J23KJ3245LLKDS\",\"schoolClassCode\":\"EWL23LEWT323L2K1\",\"userCodeList\":[\"JSLDFJLJSLDFK\",\"SDJFLSTEEWL\"]}');
INSERT INTO `interfac` VALUES ('6205A4EC8D8945739693FBED1C20C1D2', '9DE564AB71BB4FC687BC40D566B9422B', '获取教材版本', 'getBookType', '', 'http://192.168.1.165:8080/goodstudent/wareHouseController/getBookType.go ', 'JSON', 'GET', 'GENERAL', null, '3', 'GENERAL', null);
INSERT INTO `interfac` VALUES ('62FDFBD4799745039C8BB8D3E34F0B55', '3FC022F112194E55B0DBEC7BD69E6421', '用户注册', 'undefined', 'undefined', 'http://192.168.1.124:8181/hxs_tutorship/zhifubao/getZhifubaoOrderInfo4vip', 'JSON', 'POST', 'GENERAL', null, '0', 'JSON', '{}');
INSERT INTO `interfac` VALUES ('63329962813B478B9DCE909F3569EF34', 'D6F9BA8A7DE045A99A97A20B2DCCD81D', '创建小班课程表', 'undefined', 'undefined', 'http://192.168.1.213:8080/keepMark-teacher-business/teaching/course/createSmallClassSchedule?requestId=WEUOW343KL34L26NBSK3/', 'JSON', 'POST', 'GENERAL', null, '1', 'JSON', '{\"smallClass\":\"F84251DB25484B0B82084CD637D2B43E\",\"weekTimeCode\":\"30A56BA2E71E4BE2BD5DD59BA044C1D6\",\"bigClassCode\":\"00D20E260AA74DEA822F4BD3F3171C13\"}');
INSERT INTO `interfac` VALUES ('6549023E7887420EB14736CD95E76DD3', 'E77899B08FD7484CA1880485943F991B', '推送日志主要数据', 'undefined', 'undefined', 'http://127.0.0.1:8080/uutool/jpush/getJpushLogIndex?', 'JSON', 'POST', 'GENERAL', null, '2', 'GENERAL', null);
INSERT INTO `interfac` VALUES ('671D85F66A4A4665A1274FF94C07AFA1', '064CEDB84BA64064ACBA69FC95FAC89D', '确认学生同意分班 ', 'undefined', 'undefined', 'http://192.168.1.213:8080/keepMark-teacher-business/teaching/placement/agree?requestId=SDFDW3F343JLKL3L5LN43J434', 'JSON', 'POST', 'GENERAL', null, '3', 'JSON', '{\"studentCode\":\"OWEIUROIOWEWOERIEIRLKSDJF\"}');
INSERT INTO `interfac` VALUES ('6725D744DB1847B5BC341F5BBE6969B8', '700875D5AAED4DC6ADEF0F1E2BC897B5', '第1个接口', 'fist', '第1个接口', 'http://192.169.1.0', 'JSON', 'POST', 'GENERAL', null, '1', 'GENERAL', null);
INSERT INTO `interfac` VALUES ('6808796B1BEC4E7BB8CC2189FBBA73EF', '78411767936247BC86C8F8FBB1A004AD', '中心删除教学周期', 'undefined', 'undefined', ' http://192.168.1.213:8080/keepMark-teacher-business/teaching/course/deleteWeekTime?requestId=WEUOW343KL34L26NBSK3', 'JSON', 'POST', 'GENERAL', null, '3', 'JSON', '{\"eduWeekTimeCode\":\"F8DCF141208B4084912DB8DBBC72E460\"}');
INSERT INTO `interfac` VALUES ('68CAF36B1DDD4641BDE2977831D48271', 'DBA947337D4943D688B417A08C8027ED', '获取错题集信息', 'getCollectMistake', '', 'http://192.168.1.165:8080/goodstudent/answerRecordController/getCollectMistake.go', 'JSON', 'POST', 'GENERAL', null, '7', 'GENERAL', null);
INSERT INTO `interfac` VALUES ('6991FB4C864844EBBCF99B92E9B9F2FA', '11AF79E5149645D7AC554E2614683E04', '支付宝支付   订单查询 ', 'undefined', 'undefined', 'http://192.168.1.124:8181/hxs_tutorship/zhifubao/orderquery', 'JSON', 'POST', 'GENERAL', null, '4', 'JSON', '{\"outTradeNo\":\"20160809153431000001\"}');
INSERT INTO `interfac` VALUES ('6BAAD463F7A740B9884CBF50C835A05C', '9DE564AB71BB4FC687BC40D566B9422B', '获取下级知识树', 'getNextKnowledgeTree', '', 'http://192.168.1.165:8080/goodstudent/wareHouseController/getNextKnowledgeTree.go', 'JSON', 'GET', 'GENERAL', null, '5', 'GENERAL', null);
INSERT INTO `interfac` VALUES ('6E577BD59A8746E184B9BF39E2CA1677', '11AF79E5149645D7AC554E2614683E04', '获取测试报告价格', 'undefined', 'undefined', 'http://192.168.1.124:8181/hxs_tutorship/report/getReportPrice', 'JSON', 'POST', 'GENERAL', null, '0', 'JSON', '{\"type\":\"GAO_ZHONG\"}');
INSERT INTO `interfac` VALUES ('6E6C56EF4B7C4C5C8F08EF712E3B8FFB', '667A1283506847768AD1A29D255B4141', '获取用户详情', 'undefined', 'undefined', 'http://localhost:8081/challenge/user/info?requestId=1234', 'JSON', 'POST', 'GENERAL', null, '1', 'JSON', '{\"userCode\":\"da95e1572e134177875c18a3289de842\",\"token\":\"test123456\"}');
INSERT INTO `interfac` VALUES ('716C76310D4546C5921124C8401AE3B3', '69E4ACCCA83641D984AD02B7D4F88854', '完善个人信息', 'perfectUser', '', 'http://192.168.1.165:8080/goodstudent/userController/perfectUser.go', 'JSON', 'POST', 'GENERAL', null, '6', 'GENERAL', null);
INSERT INTO `interfac` VALUES ('733E24FF765645FE8A225D8902CBB48B', '03202D02B0B9422381A9FD38153BDD09', '获取战名校排行榜', 'getChallengeView', '', 'http://192.168.1.165:8080/goodstudent/challengeSchoolController/getChallengeView.go', 'JSON', 'POST', 'GENERAL', null, '7', 'GENERAL', null);
INSERT INTO `interfac` VALUES ('77EC98F9230446EDAD57A0A96FBF2CA2', '2306CCB9449C4585AAD38C1B4DC412DF', '获取5周的做题统计', 'getAnswerRecordSizeWeek', 'getAnswerRecordSizeWeek', 'http://192.168.1.165:8080/goodstudent/answerRecordController/getAnswerRecordSizeWeek.go', 'JSON', 'POST', 'GENERAL', null, '2', 'GENERAL', null);
INSERT INTO `interfac` VALUES ('780011C87E914E4BA935DD41EEBD3710', '667A1283506847768AD1A29D255B4141', '用户注册', 'undefined', 'undefined', 'http://localhost:8081/challenge/user/register?requestId=1234', 'JSON', 'POST', 'GENERAL', null, '0', 'JSON', '{\"mobile\":\"13311657878\",\"password\":\"test123456\",\"registerSource\":\"011\",\"productType\":\"HaoXusSheng\",\"channelSource\":\"000\",\"equipmentType\":\"Test\"}');
INSERT INTO `interfac` VALUES ('7804E28413444AA48C50D6F39706E4DD', '69E4ACCCA83641D984AD02B7D4F88854', '验证SessionID', 'verificationSessionID', '', 'http://192.168.1.165:8080/goodstudent/loginController/verificationSessionID.go', 'JSON', 'POST', 'GENERAL', null, '8', 'GENERAL', null);
INSERT INTO `interfac` VALUES ('799570CB5852421EA592EED4CC5CD700', 'D89E8C10EB4543D0B4C4D607C2BBFB62', '短信日志详情', 'undefined', 'undefined', 'http://127.0.0.1:8080/uutool/sms/getDetail?', 'JSON', 'POST', 'GENERAL', null, '3', 'GENERAL', null);
INSERT INTO `interfac` VALUES ('79FE4387B35749EEAFEA69F1550712D8', '6C6EF692C14540339E98D907732AFAF7', '获取签到奖励信息', 'getSignAward', '', 'http://192.168.1.156:8080/goodstudent/signAwardController/getSignAward.go', 'JSON', 'POST', 'GENERAL', null, '1', 'GENERAL', null);
INSERT INTO `interfac` VALUES ('7A09B9CA2CB041AFBD05BE5369CC1B0E', '700875D5AAED4DC6ADEF0F1E2BC897B5', '第2个接口', '', '', '', 'JSON', 'POST', 'GENERAL', null, '2', 'GENERAL', null);
INSERT INTO `interfac` VALUES ('7B21C20D798D434FB38C88912D1EAAAE', '4B0E92265E584F4D93D9003086D233FF', '获取课程整体进度情况', 'undefined', 'undefined', 'http://192.168.1.213:8080/keepMark-teacher-business/course/monitoring/getMonCourseMonitoring?requestId=SDDL234LSDK', 'JSON', 'POST', 'GENERAL', null, '0', 'JSON', '{    \"pageSize\": 1,    \"pageNumber\": 10,    \"courseSystemType\": \"xxoo\",    \"subjectCode\": \"xxoo\",    \"centreCode\": \"xxoo\",    \"examArea\": \"xxoo\"}');
INSERT INTO `interfac` VALUES ('7E3CAC82C98342EBAE61C8E5199E8DF6', '064CEDB84BA64064ACBA69FC95FAC89D', '确认学生不同意分班', 'undefined', 'undefined', 'http://192.168.1.213:8080/keepMark-teacher-business/teaching/placement/disagree?requestId=SDFDW3F343JLKL3L5LN43J434', 'JSON', 'POST', 'GENERAL', null, '4', 'JSON', '{\"studentCode\":\"OWEIUROIOWEWOERIEIRLKSDJF\"}');
INSERT INTO `interfac` VALUES ('7E4372BAA1CD4FCCB31700706C38B6BB', 'D6F9BA8A7DE045A99A97A20B2DCCD81D', '获取课表(学生，老师)', 'undefined', 'undefined', 'http://192.168.1.213:8080/keepMark-teacher-business/teaching/course/getSchedule?requestId=WEUOW343KL34L26NBSK', 'JSON', 'POST', 'GENERAL', null, '4', 'JSON', '{\"weekTimeCode\":\"30A56BA2E71E4BE2BD5DD59BA044C1D6\",\"ownerCode\":\"AEDBB67C70B24165817BAEA2B4EBF0D0\"}');
INSERT INTO `interfac` VALUES ('7F056A3482384022B22C10439EC9B369', '9BC45F488F204652A8283069E05AA23B', '获取中学', 'getSchool', '', 'http://192.168.1.165:8080/goodstudent/schoolController/getSchool.go', 'JSON', 'POST', 'GENERAL', null, '3', 'GENERAL', null);
INSERT INTO `interfac` VALUES ('7F564EFB242748939746C2315A668FF9', '2306CCB9449C4585AAD38C1B4DC412DF', '获取5天的做题统计', ' getAnswerRecordSize', '', 'http://192.168.1.165:8080/goodstudent/answerRecordController/getAnswerRecordSize.go', 'JSON', 'POST', 'GENERAL', null, '1', 'GENERAL', null);
INSERT INTO `interfac` VALUES ('7FD74127574F4E82AD1DB7DD45EA74D2', '4ED6A4A934EA432DB5D0F4F4A04BBE1F', '删除收藏的练习题', 'undefined', 'undefined', 'http://192.168.1.124:8181/hxs_tutorship/collectTestController/deleteCollectTests', 'JSON', 'POST', 'GENERAL', null, '2', 'JSON', '{\"ids\":[{\"id\":1},{\"id\":2}]}');
INSERT INTO `interfac` VALUES ('800E69B62466412782E2B0E92D5B3161', '69E4ACCCA83641D984AD02B7D4F88854', '退出系统', 'exit', '', 'http://192.168.1.165:8080/goodstudent/loginController/exit.go', 'JSON', 'POST', 'GENERAL', null, '9', 'GENERAL', null);
INSERT INTO `interfac` VALUES ('8066B6142C7D428D8B1329D152DF013E', '69E4ACCCA83641D984AD02B7D4F88854', '修改密码', 'updatePassword', '', 'http://192.168.1.165:8080/goodstudent/loginController/updatePassword.go', 'JSON', 'POST', 'GENERAL', null, '12', 'GENERAL', null);
INSERT INTO `interfac` VALUES ('82CB21CD57654265BE8932F35CD6B991', 'DCF4F8B3DA7F4308B33C43A12C6454C8', '获取单元检测报告价格', 'undefined', 'undefined', 'http://127.0.0.1/wisdom-companion/action/wexinPay/getSectionFree', 'JSON', 'POST', 'GENERAL', null, '0', 'JSON', '{}');
INSERT INTO `interfac` VALUES ('854A7064481C4E65B88CEB0C84AA6E40', '03202D02B0B9422381A9FD38153BDD09', '重新开始战名校', 'deleteChallengingSchool', '', 'http://192.168.1.165:8080/goodstudent/challengeSchoolController/deleteChallengingSchool.go', 'JSON', 'POST', 'GENERAL', null, '5', 'GENERAL', null);
INSERT INTO `interfac` VALUES ('86287C00848A4843B87C5427384303E4', '122629339C164AB39D63E7EC975C9D7A', '获取上下册', 'undefined', 'undefined', 'http://192.168.1.12:8080/fighting/test/getBook', 'JSON', 'POST', 'GENERAL', null, '5', 'GENERAL', null);
INSERT INTO `interfac` VALUES ('863FB49D65744256A85518E872D333CC', '8DF4229A16664815B60BC426880AA7C7', '获取更新', 'versionsUpdate', '', 'http://127.0.0.1:8080/goodstudent/versionController/versionsUpdate.go', 'JSON', 'POST', 'GENERAL', null, '1', 'GENERAL', null);
INSERT INTO `interfac` VALUES ('89379F7B09C441C3BB7D576AD1735D48', '3FC022F112194E55B0DBEC7BD69E6421', '退出系统', 'undefined', 'undefined', 'http://192.168.1.40:8080/llsfw/rest/getKnowledgeName', 'JSON', 'POST', 'GENERAL', null, '2', 'JSON', '{}');
INSERT INTO `interfac` VALUES ('8A6270EC6105429E84B83E095C9DF141', '69E4ACCCA83641D984AD02B7D4F88854', '获取手机验证码', 'verificationCode ', '', 'http://192.168.1.165:8080/goodstudent/loginController/verificationCode.go ', 'JSON', 'POST', 'GENERAL', null, '4', 'GENERAL', null);
INSERT INTO `interfac` VALUES ('91627DC8CF304C8EAE4C5B7E115907CE', 'B39649DA631243ECA70409ABF3F7ABB2', '微信支付  订单查询', 'undefined', 'undefined', 'http://192.168.1.12:8080/fighting/weixin/orderquery', 'JSON', 'POST', 'GENERAL', null, '7', 'GENERAL', null);
INSERT INTO `interfac` VALUES ('92CF6445FB4D449D9889919A8C63A0B9', '69E4ACCCA83641D984AD02B7D4F88854', '修改个人资料', 'updateUser ', '', 'http://192.168.1.165:8080/goodstudent/userController/updateUser.go', 'JSON', 'POST', 'GENERAL', null, '7', 'GENERAL', null);
INSERT INTO `interfac` VALUES ('939C2627FA604779927259D5AE43BDFA', 'DBA947337D4943D688B417A08C8027ED', '添加解题心得', 'addSolveQuestionExperience', '', 'http://192.168.1.165:8080/goodstudent/solveQuestionExperienceController/addSolveQuestionExperience.go', 'JSON', 'POST', 'GENERAL', null, '5', 'GENERAL', null);
INSERT INTO `interfac` VALUES ('9652BF1CEBBE43A9B66265822DB4E8B5', '064CEDB84BA64064ACBA69FC95FAC89D', '对不符合vip进行电话确认 ', 'undefined', 'undefined', 'http://192.168.1.213:8080/keepMark-teacher-business/teaching/phone/agree?requestId=SDFDW3F343JLKL3L5LN43J434', 'JSON', 'POST', 'GENERAL', null, '1', 'JSON', '{    \"studentCode\":\"OWEIUROIOWEWOERIEIRLKSDJF\"}');
INSERT INTO `interfac` VALUES ('965EDF63544B4804BE66F1D18518E877', 'D89E8C10EB4543D0B4C4D607C2BBFB62', '短信发送', 'undefined', 'undefined', 'http://127.0.0.1:8080/uutool/sms/verificationCode?', 'JSON', 'POST', 'GENERAL', null, '1', 'GENERAL', null);
INSERT INTO `interfac` VALUES ('978C62DABEFE4EF5B8E62A35F54D18BB', '69E4ACCCA83641D984AD02B7D4F88854', '用户注册', 'loginController/register.go ', '', 'http://192.168.1.165:8080/goodstudent/loginController/register.go ', 'JSON', 'POST', 'GENERAL', null, '1', 'GENERAL', null);
INSERT INTO `interfac` VALUES ('993CE14365794776A9A53099448684BE', 'D6F9BA8A7DE045A99A97A20B2DCCD81D', '查看小班课课表是否发布', 'undefined', 'undefined', 'http://192.168.1.213:8080/keepMark-teacher-business/teaching/course/smallClassScheduleIsIssue?requestId=WEUOW343KL34L26NBSK3', 'JSON', 'POST', 'GENERAL', null, '13', 'JSON', '{   \"weekTimeCode\":\"1E68781D9DF84C2E9F98E663FB18AF46\",\"smallClassCode\":\"6a02d783bb2b4cae996184a15f24cd8b\"}');
INSERT INTO `interfac` VALUES ('9ACEABFEA17241DC9A07F931D652B6AF', '03202D02B0B9422381A9FD38153BDD09', '获取正在挑战的名校信息', 'getChallengingSchool', '', 'http://192.168.1.165:8080/goodstudent/challengeSchoolController/getChallengingSchool.go', 'JSON', 'POST', 'GENERAL', null, '4', 'GENERAL', null);
INSERT INTO `interfac` VALUES ('9D443B2FCA4F40E39981C4D8111C9A6D', 'E77899B08FD7484CA1880485943F991B', '推送日志详情', 'undefined', 'undefined', 'http://127.0.0.1:8080/uutool/jpush/getDetail?', 'JSON', 'POST', 'GENERAL', null, '3', 'GENERAL', null);
INSERT INTO `interfac` VALUES ('9E9B67A867AE4A3A8EF676F1EACFB23F', 'D6F9BA8A7DE045A99A97A20B2DCCD81D', '创建学生课程表', 'undefined', 'undefined', 'http://192.168.1.213:8080/keepMark-teacher-business/teaching/course/createStudentSchedule?requestId=WEUOW343KL34L26NBSK3', 'JSON', 'POST', 'GENERAL', null, '2', 'JSON', '{\"weekTimeCode\":\"30A56BA2E71E4BE2BD5DD59BA044C1D6\",\"smallClassCode\":\"F84251DB25484B0B82084CD637D2B43E\",\"studentCode\":\"AEDBB67C70B24165817BAEA2B4EBF0D0\"}');
INSERT INTO `interfac` VALUES ('9F7EE10BB25E436DB144C20891A64D36', '5D8B842C78614B9199F5630EA8195C7E', '发送邮件', 'undefined', 'undefined', ' http://127.0.0.1:8080/uutool/email/sendEmail?', 'JSON', 'POST', 'GENERAL', null, '1', 'GENERAL', null);
INSERT INTO `interfac` VALUES ('A1B3310C3A634692AC7D838B14DD1ED2', '69E4ACCCA83641D984AD02B7D4F88854', '获取用户信息', 'getUser', '', 'http://192.168.1.165:8080/goodstudent/userController/getUser.go', 'JSON', 'POST', 'GENERAL', null, '6', 'GENERAL', null);
INSERT INTO `interfac` VALUES ('A3B9F28552B0475581F84812A36B2A0F', '064CEDB84BA64064ACBA69FC95FAC89D', '对不符合VIP的学生进行赠送', 'undefined', 'undefined', 'http://192.168.1.213:8080/keepMark-teacher-business/teaching/giveToStudent?requestId=SDFDW3F343JLKL3L5LN43J434', 'JSON', 'POST', 'GENERAL', null, '2', 'JSON', '{\"studentCode\":\"OWEIUROIOWEWOERIEIRLKSDJF\"}');
INSERT INTO `interfac` VALUES ('A743D5D4D9FA4A359CFE34C52C8F9D9F', 'D53CD115CE034EBFAE5D97FC305A0F87', '修改感悟', 'updateInspiration', '', 'http://192.168.1.165:8080/goodstudent/inspiration/updateInspiration.go', 'JSON', 'POST', 'GENERAL', null, '2', 'FILE', null);
INSERT INTO `interfac` VALUES ('A8E443E99CE14CE1A54DBA4F9A5454DC', '5D8B842C78614B9199F5630EA8195C7E', '获取邮件日志主要信息', 'undefined', 'undefined', ' http://127.0.0.1:8080/uutool/email/getEmailLogIndex?', 'JSON', 'POST', 'GENERAL', null, '2', 'GENERAL', null);
INSERT INTO `interfac` VALUES ('AA5EF90EEC99400BAA20A6F80F5E8DA4', '78411767936247BC86C8F8FBB1A004AD', '获取中心的所有教学周期', 'undefined', 'undefined', 'http://192.168.1.213:8080/keepMark-teacher-business/teaching/course/getWeekTimes?requestId=WEUOW343KL34L26NBSK3', 'JSON', 'POST', 'GENERAL', null, '0', 'JSON', '{\"centerCode\":\"AAAAA\"}');
INSERT INTO `interfac` VALUES ('ABAF572259514DAFB33622C9895F3CF0', 'DBA947337D4943D688B417A08C8027ED', '获取收藏习题信息', 'collectExerciseController', '', 'http://192.168.1.165:8080/goodstudent/collectExerciseController/getCollectExercise.go', 'JSON', 'POST', 'GENERAL', null, '6', 'GENERAL', null);
INSERT INTO `interfac` VALUES ('ACC02C913EC447D481F375C1CB40F99A', 'D53CD115CE034EBFAE5D97FC305A0F87', '感悟点赞', 'praiseInspiration', '', 'http://192.168.1.165:8080/goodstudent/inspiration/praiseInspiration.go', 'JSON', 'POST', 'GENERAL', null, '5', 'GENERAL', null);
INSERT INTO `interfac` VALUES ('AD8C9A02C1524E5D872ACED339B2E73C', 'DBA947337D4943D688B417A08C8027ED', '收藏习题', 'collectExercise', '', 'http://192.168.1.165:8080/goodstudent/collectExerciseController/collectExercise.go', 'JSON', 'POST', 'GENERAL', null, '5', 'GENERAL', null);
INSERT INTO `interfac` VALUES ('ADF64C4D8C4D464C9BF2680B5087FC8E', 'DBA947337D4943D688B417A08C8027ED', '提交多个练习', 'submintAnswerRecords', '', 'http://192.168.1.165:8080/goodstudent/answerRecordController/submintAnswerRecords.go', 'JSON', 'POST', 'GENERAL', null, '4', 'JSON', null);
INSERT INTO `interfac` VALUES ('AF335E8F8C4949A685A3FA8F45881FAA', 'D53CD115CE034EBFAE5D97FC305A0F87', '增加感悟浏览量', 'browseInspiration', '', 'http://192.168.1.165:8080/goodstudent/inspiration/browseInspiration.go', 'JSON', 'POST', 'GENERAL', null, '6', 'GENERAL', null);
INSERT INTO `interfac` VALUES ('B091863D5B4242008C8E84C890001165', 'D6F9BA8A7DE045A99A97A20B2DCCD81D', '获取组内学生列表', 'undefined', 'undefined', 'http://192.168.1.213:8080/keepMark-teacher-business/teaching/course/getStudents?requestId=WEUOW343KL34L26NBSK3', 'JSON', 'POST', 'GENERAL', null, '9', 'JSON', '{\"groupCode\":\"SDLFLLSDJFLS56\"}');
INSERT INTO `interfac` VALUES ('B44EAE8E069A48A1B35C02A7C922670D', '6C6EF692C14540339E98D907732AFAF7', '用户签到', 'sign.go', '', 'http://192.168.1.165:8080/goodstudent/signAwardController/sign.go', 'JSON', 'POST', 'GENERAL', null, '3', 'GENERAL', null);
INSERT INTO `interfac` VALUES ('B4637C5E9665406D88BBB182E141BDD2', '9DE564AB71BB4FC687BC40D566B9422B', '获取年级', 'getGrade', '', 'http://192.168.1.165:8080/goodstudent/wareHouseController/getGrade.go ', 'JSON', 'GET', 'GENERAL', null, '1', 'GENERAL', null);
INSERT INTO `interfac` VALUES ('B8A72F765D6D4A8DAC3EDDEF7CEB2468', '03202D02B0B9422381A9FD38153BDD09', '战名校概况', 'initChallengingSchool', '', 'http://192.168.1.165:8080/goodstudent/challengeSchoolController/initChallengingSchool.go', 'JSON', 'POST', 'GENERAL', null, '3', 'GENERAL', null);
INSERT INTO `interfac` VALUES ('B91289B8F89F4CFE98AFFF0EA1B61C1B', '2306CCB9449C4585AAD38C1B4DC412DF', '获取某天某周的做题详情', 'getSizeForAllSubject', '', 'http://192.168.1.165:8080/goodstudent/answerRecordController/getSizeForAllSubject.go', 'JSON', 'POST', 'GENERAL', null, '3', 'GENERAL', null);
INSERT INTO `interfac` VALUES ('BC947BC033794438B4E338AA5BF0B797', '122629339C164AB39D63E7EC975C9D7A', '获取单元测列表', 'undefined', 'undefined', ' http://192.168.1.12:8080/fighting/test/getKnowledgeName', 'JSON', 'POST', 'GENERAL', null, '2', 'GENERAL', null);
INSERT INTO `interfac` VALUES ('BD50776D9D534189A3DCEABF1470D001', '5D8B842C78614B9199F5630EA8195C7E', '邮件日志详情', 'undefined', 'undefined', 'http://127.0.0.1:8080/uutool/email/getDetail?', 'JSON', 'POST', 'GENERAL', null, '3', 'GENERAL', null);
INSERT INTO `interfac` VALUES ('BDFC3407E76A4D79A8529EA9EB56CD58', '69E4ACCCA83641D984AD02B7D4F88854', '获取经验/金币/等级信息', 'getWealthAndExperience', '', 'http://192.168.1.165:8080/goodstudent/answerRecordController/getWealthAndExperience.go', 'JSON', 'POST', 'GENERAL', null, '10', 'GENERAL', null);
INSERT INTO `interfac` VALUES ('C18AA3D094BB4DC7949D9B77FAAFD001', 'D6F9BA8A7DE045A99A97A20B2DCCD81D', '获取一对一排课  上课老师', 'undefined', 'undefined', 'http://192.168.1.213:8080/keepMark-teacher-business/teaching/course/getOneToOneTeacher?requestId=WEUOW343KL34L26NBSK3', 'JSON', 'POST', 'GENERAL', null, '10', 'JSON', '{\"classCode\":\"JSLKSL2JL3K\",\"subjectCode\":\"JSL3243\"}');
INSERT INTO `interfac` VALUES ('C1E8BE8AF9734B1AB00D7048251A559C', '667A1283506847768AD1A29D255B4141', '用户修改密码', 'undefined', 'undefined', 'http://192.168.1.12:8020/challenge/user/pwd/edit?requestId=1234', 'JSON', 'POST', 'GENERAL', null, '3', 'JSON', '{    \"oldPassword\": \"123456\",    \"password\": \"123123\",    \"userCode\": \"1cfa6bb3-b7dc-4cba-a6ab-0989bc7a1c03\",    \"token\": \"TKBFF5E36199760BAF\" }');
INSERT INTO `interfac` VALUES ('C835519425E94AA5862D06B0F484E8FE', '11AF79E5149645D7AC554E2614683E04', '微信支付订单查询', 'undefined', 'undefined', 'http://192.168.1.124:8181/hxs_tutorship/weixin/orderquery', 'JSON', 'POST', 'GENERAL', null, '2', 'JSON', '{\"outTradeNo\":\"20160714161900000001\",\"type\":\"GAO_ZHONG\"}');
INSERT INTO `interfac` VALUES ('C8364591E98E449E9DDE6D8292DF4BA3', '122629339C164AB39D63E7EC975C9D7A', '获取试卷详情', 'undefined', 'undefined', 'http://192.168.1.12:8080/fighting/test/getTest', 'JSON', 'POST', 'GENERAL', null, '1', 'GENERAL', null);
INSERT INTO `interfac` VALUES ('C93FB62E19D740B3B74DBBC8FEEA3205', 'D6F9BA8A7DE045A99A97A20B2DCCD81D', '老师代课', 'undefined', 'undefined', ' http://192.168.1.213:8080/keepMark-teacher-business/teaching/course/replaceLesson?requestId=WEUOW343KL34L26NBSK3', 'JSON', 'POST', 'GENERAL', null, '14', 'JSON', '{\"eduScheduleCode\":\"FFFFDDDFFFDDFFDD\",\"replaceeduScheduleCode\":\"DFGDFEWGDFEFEFD\",\"eduDayCode\":\"GJHJKRGEFDSFDFG\",\"eduSectionCode\":\"DFGHGJHTSDFDFDFFF\"}');
INSERT INTO `interfac` VALUES ('CBC118FCD9A24234A8B7E00371D047C5', 'D53CD115CE034EBFAE5D97FC305A0F87', '删除感悟', 'deleteInspiration', '', 'http://192.168.1.165:8080/goodstudent/inspiration/deleteInspiration.go', 'JSON', 'POST', 'GENERAL', null, '3', 'GENERAL', null);
INSERT INTO `interfac` VALUES ('CCCD3D710F594226A2198693364F5972', '9BC45F488F204652A8283069E05AA23B', '获取市和区', 'getRegion', '', 'http://192.168.1.165:8080/goodstudent/schoolController/getRegion.go', 'JSON', 'POST', 'GENERAL', null, '2', 'GENERAL', null);
INSERT INTO `interfac` VALUES ('CD3ABF598EB84706B738AAC866B6DA2F', 'AAE4113E5B9540E9982442F63E4E68DA', '提交答题', 'undefined', 'undefined', 'http://192.168.1.124:8181/hxs_tutorship/report/submit', 'JSON', 'POST', 'GENERAL', null, '0', 'JSON', '{    \"testCode\":\"55287EC4CDFB42EB9EE83DD2F2DC3B47\",    \"userUniqueId\":\"4739482039820394209383409\",    \"userScore\":99,    \"time\":60,    \"totalScore\":100,    \"subjectName\":\"化学\",    \"gradeName\":\"一年级\",    \"subjectCode\":\"23434\",    \"gradeCode\":\"12334\",    \"testTitle\":\"北京市 2016年高一下学期期末\",    \"answers\":[        {            \"serialNumber\":\"1\",            \"exercisesCode\":\"234534\",            \"answer\":\"B\",            \"userAnswer\":\"B\",            \"isRight\":true,            \"knowledges\":[                {                    \"knowledgeName\":\"物质的组成和性质\",                    \"knowledgeCode\":\"123345545\"                },                {                    \"knowledgeName\":\"常见金属元素及其化合物\",                    \"knowledgeCode\":\"1233455452\"                },                {                    \"knowledgeName\":\"常见非金属元素及其化合物\",                    \"knowledgeCode\":\"1233455452\"                },                {                    \"knowledgeName\":\"有机化学基础\",                    \"knowledgeCode\":\"1233455452\"                }            ],            \"produces\":[                \"事实(F)\",                \"具体概念类\"            ]        },        {            \"serialNumber\":\"2\",            \"exercisesCode\":\"234535\",            \"answer\":\"B\",            \"userAnswer\":\"B\",            \"isRight\":true,            \"knowledges\":[                {                    \"knowledgeName\":\"有机化学基础\",                    \"knowledgeCode\":\"123345545\"                }            ],            \"produces\":[                \"事实(F)\",                \"具体概念类\",                \"抽象原理类\"            ]        },        {            \"serialNumber\":\"3\",            \"exercisesCode\":\"234536\",            \"answer\":\"B\",            \"userAnswer\":\"B\",            \"isRight\":true,            \"knowledges\":[                {                    \"knowledgeName\":\"物质的组成和性质\",                    \"knowledgeCode\":\"123345545\"                },                {                    \"knowledgeName\":\"常见金属元素及其化合物\",                    \"knowledgeCode\":\"1233455452\"                },                {                    \"knowledgeName\":\"常见非金属元素及其化合物\",                    \"knowledgeCode\":\"1233455452\"                },                {                    \"knowledgeName\":\"有机化学基础\",                    \"knowledgeCode\":\"1233455452\"                }            ],            \"produces\":[                \"事实(F)\",                \"具体概念类\",                \"方法评价类\"            ]        }    ]}');
INSERT INTO `interfac` VALUES ('CDD68C41A3814459A8E32D98CABE108E', '11AF79E5149645D7AC554E2614683E04', 'VIP包订单查询  --（支付宝 / 微信）通用', 'undefined', 'undefined', 'http://192.168.1.124:8181/hxs_tutorship/zhifubao/orderquery4vip', 'JSON', 'POST', 'GENERAL', null, '5', 'JSON', '{\"outTradeNo\":\"20160722144440000001\"}');
INSERT INTO `interfac` VALUES ('D0227FB8D22B4A0083FEC87E9A6A1D61', '4ED6A4A934EA432DB5D0F4F4A04BBE1F', '取消收藏练习题', 'undefined', 'undefined', 'http://192.168.1.124:8181/hxs_tutorship/collectTestController/cancelCollectTest', 'JSON', 'POST', 'GENERAL', null, '3', 'JSON', '{\"testCode\":\"47923742983\",\"userUniqueId\":\"4739482039820394209383409\"}');
INSERT INTO `interfac` VALUES ('D0CB498289B74144A970EDE276398EB7', 'A6DD4D0399004830BB902DD55EBAC215', '微信支付统一下单（VIP包）', 'undefined', 'undefined', 'http://192.168.1.124:8181/hxs_tutorship/weixin/unifyOrder4vip', 'JSON', 'POST', 'GENERAL', null, '0', 'JSON', '{\"userUniqueId\":\"4739482039820394209383409\",\"vipProductCode\":\"55287EC4CDFB42\",\"type\":\"GAO_ZHONG\",\"spbillCreateIp\":\"127.0.0.1\",\"body\":\"好学生VIP-1个月\",\"totalFee\":14.01}');
INSERT INTO `interfac` VALUES ('D2397906D57B446BB03FCCD89002E8EE', '2E6B5DADE16346C285E89DF752D2A662', '修改用户基本信息', 'undefined', 'undefined', 'http://192.168.1.213/wisdom-companion/action/wexinController/updateUserInfo', 'JSON', 'POST', 'GENERAL', null, '5', 'JSON', '{    \"userCode\":\"EBE6D0958F49421E8C6A5D59121CADAE\",    \"sex\":\"1\",    \"school\":\"北京第一中学\",     \"grade\":\"一年级\",    \"birthday\":\"1987-12-10\"     }');
INSERT INTO `interfac` VALUES ('D3104083B3064C328BEC0EA0C79ADA06', 'AAE4113E5B9540E9982442F63E4E68DA', '获取测试报告列表', 'undefined', 'undefined', 'http://192.168.1.124:8181/hxs_tutorship/report/getReportList', 'JSON', 'POST', 'GENERAL', null, '2', 'JSON', '{\"userUniqueId\":\"4739482039820394209383409\", \"pageNumber\":1, \"pageSize\":10}');
INSERT INTO `interfac` VALUES ('D47EF272D76E4AB28E2291A317EEC4AD', '9DE564AB71BB4FC687BC40D566B9422B', '组卷', 'combinationExercises', '', 'http://192.168.1.165:8080/goodstudent/wareHouseController/combinationExercises.go', 'JSON', 'POST', 'GENERAL', null, '7', 'JSON', null);
INSERT INTO `interfac` VALUES ('D4BB22FD0942411A879677EAC5C10B50', 'AAE4113E5B9540E9982442F63E4E68DA', '根据订单号获取测试报告', 'undefined', 'undefined', 'http://192.168.1.124:8181/hxs_tutorship/report/getReportByOrderId', 'JSON', 'POST', 'GENERAL', null, '1', 'JSON', '{\"outTradeNo\":\"20160714161900000001\"}');
INSERT INTO `interfac` VALUES ('D72C3AB1312D4BE3AF8C5E806FF29F9C', '9BC45F488F204652A8283069E05AA23B', '全国高校 获取省份', 'getProvince', '', 'http://192.168.1.165:8080/goodstudent/universityController/getProvince.go', 'JSON', 'POST', 'GENERAL', null, '4', 'GENERAL', null);
INSERT INTO `interfac` VALUES ('D773BFD06755438283AA3CCEDF890EA4', '69E4ACCCA83641D984AD02B7D4F88854', '用户登录', 'login', '', 'http://192.168.1.165:8080/goodstudent/loginController/login.go', 'JSON', 'POST', 'GENERAL', null, '2', 'GENERAL', null);
INSERT INTO `interfac` VALUES ('D7A05F7235AC45CFB17F154B00879B27', '9DE564AB71BB4FC687BC40D566B9422B', '根据学科,关卡获得习题', 'getExercisesSubject', '', 'http://192.168.1.165:8080/goodstudent/wareHouseController/getExercisesSubject.go', 'JSON', 'POST', 'GENERAL', null, '8', 'GENERAL', null);
INSERT INTO `interfac` VALUES ('DEA10B43B2744149A2E81E98764E5A30', 'B39649DA631243ECA70409ABF3F7ABB2', '删除测试报告', 'undefined', 'undefined', 'http://192.168.1.12:8080/fighting/report/deleteReport', 'JSON', 'POST', 'GENERAL', null, '4', 'GENERAL', null);
INSERT INTO `interfac` VALUES ('E3793B552185402EBAA7B37C164D6A08', 'D53CD115CE034EBFAE5D97FC305A0F87', '保存感悟', 'saveInspiation', '', 'http://192.168.1.165:8080/goodstudent/inspiration/saveInspiation.go', 'JSON', 'POST', 'GENERAL', null, '1', 'FILE', null);
INSERT INTO `interfac` VALUES ('E637F5E7F8314572BB80CFE4552384A9', '69E4ACCCA83641D984AD02B7D4F88854', '查看用户的sessionID', 'getSessionID', '调试时使用', 'http://192.168.1.245/goodstudent/loginController/getSessionId.go', 'JSON', 'POST', 'GENERAL', null, '11', 'GENERAL', null);
INSERT INTO `interfac` VALUES ('E9AF23FBB1314F05A5295C0582F152C4', '4ED6A4A934EA432DB5D0F4F4A04BBE1F', '获取收藏练习题列表', 'undefined', 'undefined', 'http://192.168.1.124:8181/hxs_tutorship/collectTestController/getCollectTests', 'JSON', 'POST', 'GENERAL', null, '1', 'JSON', '首页：{\"userUniqueId\":\"4739482039820394209383409\",\"subjectCode\":\"39484\",\"pageNumber\":1,\"pageSize\":10}大于等于第二页：{\"userUniqueId\":\"4739482039820394209383409\",\"subjectCode\":\"39484\",\"pageNumber\":1,\"pageSize\":10,\"collectDate\":\"2016-08-09 16:08:36.0\"}');
INSERT INTO `interfac` VALUES ('E9B64C5A676B4545BBDC6139B1CA8260', 'E8FF287B80834C0F8ACA2439E7F57161', '创建组（小班）', 'undefined', 'undefined', 'http://192.168.1.213:8080/keepMark-teacher-business/teaching/course/createAuthSchoolGroupModel?requestId=WEUOW343KL34L26NBSK3', 'JSON', 'POST', 'GENERAL', null, '0', 'JSON', '{    “name”:\"第一组\",\"classCode\":\"JFLSE34LJLL3453L\"}');
INSERT INTO `interfac` VALUES ('EA9078AD5B794A37BE9C74A22D3B6001', 'CFD07FD626CB413A8FA0F50D0E5F7723', 'vip包保存', 'undefined', 'undefined', 'http://192.168.1.69:8081/hxs-challenge-service/challenge/vip_pack/vip_pack_save', 'JSON', 'POST', 'GENERAL', null, '1', 'JSON', '{       \"vipPrice\": \"16\" ,         \"vipType\": \"TWO_MONTH\"     }');
INSERT INTO `interfac` VALUES ('EB531E77211F4819ABBA795E7BEA8287', 'A19CAABA11124625B1BF6F71BCEC3E20', '回执好友请求', 'undefined', 'undefined', 'http://127.0.0.1:8081/challenge/user/friend/reply?requestId=1234', 'JSON', 'POST', 'GENERAL', null, '1', 'JSON', '{\"applyUuid\":\"da95e1572e134177875c18a3289de889\",\"replyState\":false}');
INSERT INTO `interfac` VALUES ('EF6D1389B8424AE98EDADF74D00D6E5F', '03202D02B0B9422381A9FD38153BDD09', '提交答卷', 'submintAnswerRecords', '', 'http://192.168.1.165:8080/goodstudent/challengeSchoolController/submintAnswerRecords.go', 'JSON', 'POST', 'GENERAL', null, '2', 'JSON', null);
INSERT INTO `interfac` VALUES ('F2C5C42EF70241A5B19B57E686E5A720', 'D6F9BA8A7DE045A99A97A20B2DCCD81D', '获取大班课上课老师', 'undefined', 'undefined', 'http://192.168.1.213:8080/keepMark-teacher-business/teaching/course/getBigClassTeacher?requestId=WEUOW343KL34L26NBSK3', 'JSON', 'POST', 'GENERAL', null, '8', 'JSON', '{\"centerCode\":\"JSLKSL2JL3K\",\"subjectCode\":\"JSL3243\"}');
INSERT INTO `interfac` VALUES ('F405F412D3DB4DDEB1BE24D1AC7C2DC7', 'B39649DA631243ECA70409ABF3F7ABB2', '微信支付 统一下单', 'undefined', 'undefined', 'http://192.168.1.12:8080/fighting/weixin/unifyOrder', 'JSON', 'POST', 'GENERAL', null, '6', 'GENERAL', null);
INSERT INTO `interfac` VALUES ('F4390F2CA77344DD999CB2FA066352BC', '78411767936247BC86C8F8FBB1A004AD', '中心修改教学周期', 'undefined', 'undefined', 'http://192.168.1.213:8080/keepMark-teacher-business/teaching/course/updateWeekTime?requestId=WEUOW343KL34L26NBSK3', 'JSON', 'POST', 'GENERAL', null, '2', 'JSON', '{\"eduWeekTimeCode\":\"F8DCF141208B4084912DB8DBBC72E460\",\"weekStartTime\":\"2017-01-17\",\"weekEndTimeStr\":\"2017-01-30\"}');
INSERT INTO `interfac` VALUES ('F55C32A22B8A4E9DA0E17B63CE320749', 'AAE4113E5B9540E9982442F63E4E68DA', '根据ID获取测试报告', 'undefined', 'undefined', 'http://192.168.1.124:8181/hxs_tutorship/report/getReport', 'JSON', 'POST', 'GENERAL', null, '3', 'JSON', '{\"reportId\":894}');
INSERT INTO `interfac` VALUES ('F59CBAF03D664B768E5952AF16446E21', '5AF98192119F4DECA09E2C8525A73FA7', '登录', 'undefined', 'undefined', 'http://sooncode.com/api', 'JSON', 'POST', 'REST', null, '0', 'GENERAL', null);
INSERT INTO `interfac` VALUES ('F5DD7A04A3964D00AB3172FCDAB03CF3', '122629339C164AB39D63E7EC975C9D7A', '获取试卷列表接口', 'undefined', 'undefined', 'http://192.168.1.12:8080/fighting/test/getTestList', 'JSON', 'POST', 'GENERAL', null, '3', 'GENERAL', null);
INSERT INTO `interfac` VALUES ('F5F7B033D066444FA396FF487547727E', 'E8FF287B80834C0F8ACA2439E7F57161', '获取某个班级未分组的学生', 'undefined', 'undefined', 'http://192.168.1.213:8080/keepMark-teacher-business/teaching/course/findAllStudentNoGroupByClassCode?requestId=WEUOW343KL34L26NBSK3', 'JSON', 'POST', 'GENERAL', null, '2', 'JSON', '{\"classCode\":\"SDLJS23L3KL4\"}');
INSERT INTO `interfac` VALUES ('F6AE3EF135E54802B8349F7F14DA4380', 'D89E8C10EB4543D0B4C4D607C2BBFB62', '短信日志主要数据', 'undefined', 'undefined', 'http://127.0.0.1:8080/uutool/sms/getSmsLogIndex?', 'JSON', 'POST', 'GENERAL', null, '2', 'GENERAL', null);
INSERT INTO `interfac` VALUES ('F84FBF59B23943AEBB1DC24C5CC3696B', '3FC022F112194E55B0DBEC7BD69E6421', '用户登录', 'undefined', 'undefined', 'http://192.168.1.40:8080/llsfw/rest/getKnowledgeName', 'JSON', 'POST', 'GENERAL', null, '1', 'GENERAL', null);
INSERT INTO `interfac` VALUES ('F85E57F5FD1542A48005CB99AB1515C4', 'AAE4113E5B9540E9982442F63E4E68DA', '删除测试报告', 'undefined', 'undefined', 'http://192.168.1.124:8181/hxs_tutorship/report/deleteReports', 'JSON', 'POST', 'GENERAL', null, '4', 'JSON', '{\"userUniqueId\":\"4739482039820394209383409\",\"reportIds\":[{\"reportId\":1},{\"reportId\":2}]}');
INSERT INTO `interfac` VALUES ('F88C0CF7232A429CA0C8CFE3829AABCB', 'D6F9BA8A7DE045A99A97A20B2DCCD81D', '发布课程表', 'undefined', 'undefined', ' http://192.168.1.213:8080/keepMark-teacher-business/teaching/course/issueSchedule?requestId=WEUOW343KL34L26NBSK3', 'JSON', 'POST', 'GENERAL', null, '11', 'JSON', '{ \"eduScheduleCode\":\"2\"}');
INSERT INTO `interfac` VALUES ('F93753DF8C53487892D9192B2E728BA4', 'B39649DA631243ECA70409ABF3F7ABB2', '获取测试报告价格', 'undefined', 'undefined', 'http://192.168.1.12:8080/fighting/report/getReportPrice', 'JSON', 'POST', 'GENERAL', null, '8', 'GENERAL', null);
INSERT INTO `interfac` VALUES ('F96E90CE661E48A68628B6007198923D', 'A19CAABA11124625B1BF6F71BCEC3E20', '申请添加好友', 'undefined', 'undefined', 'http://127.0.0.1:8081/challenge/user/friend/apply?requestId=1234', 'JSON', 'POST', 'GENERAL', null, '0', 'JSON', '{\"myUserCode\":\"da95e1572e134177875c18a3289de842\",\"friendCode\":\"2a10903cdd1646c5934b35a82939640d\",\"applySource\":\"search\"}');
INSERT INTO `interfac` VALUES ('FD2CA141DBEC443A8E19D1177501705A', 'E8FF287B80834C0F8ACA2439E7F57161', '组添加学生', 'undefined', 'undefined', 'http://192.168.1.213:8080/keepMark-teacher-business/teaching/course/groupStudents?requestId=WEUOW343KL34L26NBSK3', 'JSON', 'POST', 'GENERAL', null, '1', 'JSON', '{    \"groupCode\": \"234535WERTERTR\",    \"students\": [        {            \"studentCode\": \"2DFGTR343453GFDG\"        }, {            \"studentCode\": \"FDFGFSDFSDFGFDG\"        }    ]}');
INSERT INTO `interfac` VALUES ('FD791D1371ED4B80857C9B8F1084E347', 'D6F9BA8A7DE045A99A97A20B2DCCD81D', '创建大班课程表', 'undefined', 'undefined', 'http://192.168.1.213:8080/keepMark-teacher-business/teaching/course/createBigClassSchedule?requestId=WEUOW343KL34L26NBSK3', 'JSON', 'POST', 'GENERAL', null, '0', 'JSON', '{\"weekTimeCode\":\"30A56BA2E71E4BE2BD5DD59BA044C1D6\",\"bigClassCode\":\"00D20E260AA74DEA822F4BD3F3171C13\"}');
INSERT INTO `interfac` VALUES ('FFEBA8FC0AF14FAA976ED002290E9D38', '2E6B5DADE16346C285E89DF752D2A662', '重置密码', 'undefined', 'undefined', 'http://192.168.1.213/wisdom-companion/action/wexinController/resetPassword', 'JSON', 'POST', 'GENERAL', null, '3', 'JSON', '{\"mobile\": \"13681004142\",   \"password\": \"670B14728AD9902AECBA32E22FA4F6BE\",\"ticket\":\"Ygfcrj\",\"code\":\"012345\"}');

-- ----------------------------
-- Table structure for module
-- ----------------------------
DROP TABLE IF EXISTS `module`;
CREATE TABLE `module` (
  `MODULE_ID` varchar(32) NOT NULL COMMENT '模块编号',
  `PROJECT_ID` varchar(32) DEFAULT NULL COMMENT '项目_编号',
  `MODULE_NAME` varchar(16) DEFAULT NULL COMMENT '模块名称',
  `MODULE_CODE` varchar(32) DEFAULT NULL COMMENT '模块代码',
  `MODULE_INTRO` varchar(256) DEFAULT NULL COMMENT '模块简介',
  `CREAT_DATE` datetime DEFAULT NULL COMMENT '创建时间',
  `WEIGHT` int(11) DEFAULT NULL COMMENT '权重',
  PRIMARY KEY (`MODULE_ID`),
  KEY `FK_MODULE_PROJECT` (`PROJECT_ID`),
  CONSTRAINT `FK_MODULE_PROJECT` FOREIGN KEY (`PROJECT_ID`) REFERENCES `project` (`PROJECT_ID`) ON DELETE SET NULL ON UPDATE SET NULL
) ENGINE=InnoDB DEFAULT CHARSET=utf8 COMMENT='模块_模块';

-- ----------------------------
-- Records of module
-- ----------------------------
INSERT INTO `module` VALUES ('03202D02B0B9422381A9FD38153BDD09', '9B8AACB65185483DAADF914C26703FD9', '战名校模块', 'challengingSchool', '', '2015-11-24 16:31:09', '9');
INSERT INTO `module` VALUES ('064CEDB84BA64064ACBA69FC95FAC89D', '31660731DE4049E8BF5758EFAED068AF', '学生状态', 'undefined', 'undefined', null, '1');
INSERT INTO `module` VALUES ('0B8A79E323A24B2685BBB7F2F8444DC7', null, '第5模块', '5', '555', null, '4');
INSERT INTO `module` VALUES ('11AF79E5149645D7AC554E2614683E04', 'E5D4A7CC7700467FBFF85AF25798DAFF', '支付', 'undefined', 'undefined', null, '7');
INSERT INTO `module` VALUES ('122629339C164AB39D63E7EC975C9D7A', '907B6C775A8640BE9710B929AFFCC551', '测试题模块', 'undefined', 'undefined', null, '2');
INSERT INTO `module` VALUES ('12C86AA627FD422688EB7568000CE1D5', '31660731DE4049E8BF5758EFAED068AF', '分班', 'undefined', 'undefined', null, '4');
INSERT INTO `module` VALUES ('1B2AF587BBF140BB9DD6734C5B04B791', null, '第6模块', '6', '666', null, '7');
INSERT INTO `module` VALUES ('2306CCB9449C4585AAD38C1B4DC412DF', '9B8AACB65185483DAADF914C26703FD9', '统计模块', 'total', '', null, '6');
INSERT INTO `module` VALUES ('262CF99A85E24CFCA0176980F97FCF9C', '31660731DE4049E8BF5758EFAED068AF', '兼职老师', 'undefined', 'undefined', null, '6');
INSERT INTO `module` VALUES ('2E6B5DADE16346C285E89DF752D2A662', '37D589576C1A4F96B828C9CA648DB8F4', '用户模块', 'undefined', 'undefined', null, '1');
INSERT INTO `module` VALUES ('3B4387E43C5945DEB2158C26F833EC08', '31660731DE4049E8BF5758EFAED068AF', '监考老师', 'undefined', 'undefined', null, '5');
INSERT INTO `module` VALUES ('3FC022F112194E55B0DBEC7BD69E6421', '4FE95D26295846979FC1D07D3393B2C8', '用户模块', 'undefined', 'undefined', null, '1');
INSERT INTO `module` VALUES ('4B0E92265E584F4D93D9003086D233FF', '31660731DE4049E8BF5758EFAED068AF', '数据监控', 'undefined', 'undefined', null, '7');
INSERT INTO `module` VALUES ('4ED6A4A934EA432DB5D0F4F4A04BBE1F', 'E5D4A7CC7700467FBFF85AF25798DAFF', '收藏练习题', 'undefined', 'undefined', null, '1');
INSERT INTO `module` VALUES ('56BA2AA2F2104A388671CC8B79BB261A', null, '用户模块', 'undefined', 'undefined', null, '1');
INSERT INTO `module` VALUES ('5AF98192119F4DECA09E2C8525A73FA7', null, '用户模块', 'undefined', 'undefined', null, '1');
INSERT INTO `module` VALUES ('5D8B842C78614B9199F5630EA8195C7E', '543762007CDC4063B787AE4E71C14762', '邮件模块', 'undefined', 'undefined', null, '2');
INSERT INTO `module` VALUES ('65BADA8E7D3F4472A14E7BE50D821F4C', null, '第7个模块', '', '', null, '8');
INSERT INTO `module` VALUES ('667A1283506847768AD1A29D255B4141', '19087A253E7C4E43961440D1720C27A2', '用户模块', 'undefined', 'undefined', null, '1');
INSERT INTO `module` VALUES ('69E4ACCCA83641D984AD02B7D4F88854', '9B8AACB65185483DAADF914C26703FD9', '用户模块', 'user', '', '2015-11-16 10:56:12', '1');
INSERT INTO `module` VALUES ('6C6EF692C14540339E98D907732AFAF7', '9B8AACB65185483DAADF914C26703FD9', '签到模块', 'sign', '', null, '5');
INSERT INTO `module` VALUES ('6D6700A7E01C48F8A87BA2F6C1F2F9E8', '19087A253E7C4E43961440D1720C27A2', '登录模块', 'undefined', 'undefined', null, '2');
INSERT INTO `module` VALUES ('700875D5AAED4DC6ADEF0F1E2BC897B5', null, '第1模块', 'user', '1', null, '1');
INSERT INTO `module` VALUES ('78411767936247BC86C8F8FBB1A004AD', '31660731DE4049E8BF5758EFAED068AF', '教学周期', 'undefined', 'undefined', null, '8');
INSERT INTO `module` VALUES ('8DF4229A16664815B60BC426880AA7C7', '9B8AACB65185483DAADF914C26703FD9', '系统模块', 'system', '', null, '8');
INSERT INTO `module` VALUES ('9BA8F917653249DC893D55103861D374', '5605C8B8E44540608B0D5CB0CADAA7B7', '用户模块', 'undefined', 'undefined', null, '1');
INSERT INTO `module` VALUES ('9BC45F488F204652A8283069E05AA23B', '9B8AACB65185483DAADF914C26703FD9', '组件模块', 'subassembly', '是否', '2015-11-16 10:56:16', '8');
INSERT INTO `module` VALUES ('9DE564AB71BB4FC687BC40D566B9422B', '9B8AACB65185483DAADF914C26703FD9', '资源平台模块', '', '', '2015-11-16 10:56:21', '4');
INSERT INTO `module` VALUES ('A19CAABA11124625B1BF6F71BCEC3E20', '19087A253E7C4E43961440D1720C27A2', '好友模块', 'undefined', 'undefined', null, '3');
INSERT INTO `module` VALUES ('A34A511FA2C641658A96DFFE675C14F6', '19087A253E7C4E43961440D1720C27A2', '对战模块', 'undefined', 'undefined', null, '4');
INSERT INTO `module` VALUES ('A69D54065B264FB2917BE5E5DF6650D4', null, '第3模块', '33', '33', null, '3');
INSERT INTO `module` VALUES ('A6DD4D0399004830BB902DD55EBAC215', 'E5D4A7CC7700467FBFF85AF25798DAFF', 'VIP支付（曾喆专用）', 'undefined', 'undefined', null, '6');
INSERT INTO `module` VALUES ('AAE4113E5B9540E9982442F63E4E68DA', 'E5D4A7CC7700467FBFF85AF25798DAFF', '战斗力', 'undefined', 'undefined', null, '2');
INSERT INTO `module` VALUES ('B39649DA631243ECA70409ABF3F7ABB2', '907B6C775A8640BE9710B929AFFCC551', '测试报告模块', 'undefined', 'undefined', null, '1');
INSERT INTO `module` VALUES ('CFD07FD626CB413A8FA0F50D0E5F7723', '19087A253E7C4E43961440D1720C27A2', 'VIP模块', 'undefined', 'undefined', null, '5');
INSERT INTO `module` VALUES ('D53CD115CE034EBFAE5D97FC305A0F87', '9B8AACB65185483DAADF914C26703FD9', '感悟模块', 'inspiration', '', '2015-11-16 10:56:25', '2');
INSERT INTO `module` VALUES ('D6F9BA8A7DE045A99A97A20B2DCCD81D', '31660731DE4049E8BF5758EFAED068AF', '课程表', 'undefined', 'undefined', null, '2');
INSERT INTO `module` VALUES ('D89E8C10EB4543D0B4C4D607C2BBFB62', '543762007CDC4063B787AE4E71C14762', '短信模块', 'undefined', 'undefined', null, '3');
INSERT INTO `module` VALUES ('DBA947337D4943D688B417A08C8027ED', '9B8AACB65185483DAADF914C26703FD9', '练习模块', 'ex', '', '2015-11-16 10:56:29', '3');
INSERT INTO `module` VALUES ('DCF4F8B3DA7F4308B33C43A12C6454C8', '37D589576C1A4F96B828C9CA648DB8F4', '课程模块', 'undefined', 'undefined', null, '2');
INSERT INTO `module` VALUES ('E77899B08FD7484CA1880485943F991B', '543762007CDC4063B787AE4E71C14762', '推送模块', 'undefined', 'undefined', null, '1');
INSERT INTO `module` VALUES ('E8FF287B80834C0F8ACA2439E7F57161', '31660731DE4049E8BF5758EFAED068AF', '学生分组', 'undefined', 'undefined', null, '3');
INSERT INTO `module` VALUES ('F25E5F1067314F79820714922077EB9B', '543762007CDC4063B787AE4E71C14762', '支付模块', 'undefined', 'undefined', null, '4');

-- ----------------------------
-- Table structure for operation
-- ----------------------------
DROP TABLE IF EXISTS `operation`;
CREATE TABLE `operation` (
  `OPERATION_ID` varchar(32) NOT NULL COMMENT '操作编号',
  `OPERATION_NAME` varchar(32) DEFAULT NULL COMMENT '操作名称',
  `OPERATION_CODE` varchar(32) DEFAULT NULL COMMENT '操作代码',
  PRIMARY KEY (`OPERATION_ID`)
) ENGINE=InnoDB DEFAULT CHARSET=utf8 COMMENT='权限_操作';

-- ----------------------------
-- Records of operation
-- ----------------------------
INSERT INTO `operation` VALUES ('643D6526E23F4FF8A241499531144195', '编辑', 'EDIT');
INSERT INTO `operation` VALUES ('8DAF951448FD4B73ADE2D86571F673EB', '查看', 'LOOK');

-- ----------------------------
-- Table structure for parameter
-- ----------------------------
DROP TABLE IF EXISTS `parameter`;
CREATE TABLE `parameter` (
  `PARAMETER_ID` varchar(32) NOT NULL COMMENT '参数编号',
  `INTERFAC_ID` varchar(32) DEFAULT NULL COMMENT '接口_编号',
  `PARAMETER_NAME` varchar(32) DEFAULT NULL COMMENT '参数名称',
  `PARAMETER_CODE` varchar(32) DEFAULT NULL COMMENT '参数代码',
  `PARAMETER_DATA_TYPE` varchar(32) DEFAULT NULL COMMENT '参数数据类型',
  `MIN_LENGTH` int(11) DEFAULT NULL COMMENT '最小长度',
  `MAX_LENGTH` int(11) DEFAULT NULL COMMENT '最大长度',
  `PARAMETER_EXAMPLE` text COMMENT '参数实例',
  `PARAMETER_EXPLAIN` varchar(640) DEFAULT NULL COMMENT '参数说明',
  `IS_MUST` varchar(16) DEFAULT NULL COMMENT '是否必须',
  `WEIGHT` int(11) DEFAULT NULL COMMENT '权重',
  `CREAT_DATE` datetime DEFAULT NULL COMMENT '创建时间',
  PRIMARY KEY (`PARAMETER_ID`),
  KEY `FK_PARAMETER_INTERFACE` (`INTERFAC_ID`),
  CONSTRAINT `FK_PARAMETER_INTERFACE` FOREIGN KEY (`INTERFAC_ID`) REFERENCES `interfac` (`INTERFAC_ID`) ON DELETE SET NULL ON UPDATE SET NULL
) ENGINE=InnoDB DEFAULT CHARSET=utf8 COMMENT='参数_参数';

-- ----------------------------
-- Records of parameter
-- ----------------------------
INSERT INTO `parameter` VALUES ('0143E4ED4117479EB6F984DB45BEA70B', '716C76310D4546C5921124C8401AE3B3', '性别', 'gender', 'Integer', '1', '1', '1', '', '1', '1', '2015-11-30 13:33:58');
INSERT INTO `parameter` VALUES ('01AB840491FE4CC2B4D0F5920B54A0EA', '0F89F5A7C7B74477A5453417224CE199', '短信类型', 'type', 'String', '1', '32', 'register', 'undefined', '1', '1', '2017-02-20 15:02:25');
INSERT INTO `parameter` VALUES ('02E22642BC53438C9F32FB9865567A97', 'EF6D1389B8424AE98EDADF74D00D6E5F', 'JSON格式的参数', 'jsonString', 'String', '1', '10000', '{    \"sessionId\": \"55287EC4CDFB42EB9EE83DD2F2DC3B44\",    \"challengeSchoolId\": \"1\",\"customsBarrier\": \"1\",    \"exercises\": [        {            \"exercisesId\": \"3f3f3b5a92db4d1ea7497d1750a3d698\",            \"subjectId\": \"274ea\",            \"gradeId\": \"83e01\",            \"isRight\": \"1\"        },        {            \"exercisesId\": \"266ce8b224f740f608f5db2ae5e15b68\",            \"subjectId\": \"274ea\",            \"gradeId\": \"83e01\",            \"isRight\": \"1\"        },        {            \"exercisesId\": \"9596acbff9434120a38f39e951a59b79\",            \"subjectId\": \"274ea\",            \"gradeId\": \"83e01\",            \"isRight\": \"1\"        },        {            \"exercisesId\": \"266ce8b224f440f698f5db2ae5e15b68\",            \"subjectId\": \"274ea\",            \"gradeId\": \"83e01\",            \"isRight\": \"1\"        },        {            \"exercisesId\": \"266ce8b224f640f698f5db2ae5e15b68\",            \"subjectId\": \"274ea\",            \"gradeId\": \"83e01\",            \"isRight\": \"1\"        },        {            \"exercisesId\": \"266ce8b224f740f698f5db2ae5e15b68\",            \"subjectId\": \"274ea\",            \"gradeId\": \"83e01\",            \"isRight\": \"1\"        },        {            \"exercisesId\": \"266ce8b224f740f698f5db2ae5e15b68\",            \"subjectId\": \"274ea\",            \"gradeId\": \"83e01\",            \"isRight\": \"1\"        },{            \"exercisesId\": \"266ce8b2245740f698f5db2ae5e15b68\",            \"subjectId\": \"274ea\",            \"gradeId\": \"83e01\",            \"isRight\": \"1\"        },{            \"exercisesId\": \"266ce8b224f840f698f5db2ae5e15b68\",            \"subjectId\": \"274ea\",            \"gradeId\": \"83e01\",            \"isRight\": \"1\"        },{            \"exercisesId\": \"266ce8b224f740f698f5db8ae5e15b68\",            \"subjectId\": \"274ea\",            \"gradeId\": \"83e01\",            \"isRight\": \"1\"        }    ]}', '必须保证是标准的JSON格式', '1', '1', '2015-11-26 10:50:53');
INSERT INTO `parameter` VALUES ('03A41EEDF80541908C24BBCF66998232', 'B91289B8F89F4CFE98AFFF0EA1B61C1B', '英语科代码', 'englishSubjectCode', 'String', '1', '6', 'be6c8', '', '0', '6', '2015-12-07 10:23:21');
INSERT INTO `parameter` VALUES ('055AE5770F174FC8AC6D5CA81941CF6A', '09D6592DF9DC43D096736A23F5EBDAD3', '用户唯一编号', 'userUniqueId', 'String', '32', '64', '4739482039820394209383409', 'undefined', '1', '4', '2016-07-21 09:07:06');
INSERT INTO `parameter` VALUES ('058B7AC2F5384061B66D01A6C126F1BB', '50DCDD2D161043A7A4AC94E7F2524203', '关键字', 'key', 'String', '1', '32', '北京', '', '1', '1', '2015-11-30 09:38:05');
INSERT INTO `parameter` VALUES ('06384714B88842879BF0754FD1008791', 'D773BFD06755438283AA3CCEDF890EA4', '手机号码', 'phoneNumber', 'String', '11', '11', '13878789898', '', '1', '1', '2015-11-07 15:43:21');
INSERT INTO `parameter` VALUES ('07BA8CF2787F48819C46E5A32EC5F223', '54852B51EF2A4D29A26D91A892F34D3D', '练习题标题（提干截取8个字符）', 'testTitile', 'String', '1', '16', '将联手对抗是垃圾地方就是懒得看飞机', 'undefined', '1', '2', '2016-08-03 11:08:34');
INSERT INTO `parameter` VALUES ('08166623DB6142008E92B15D167BE2D3', '36052A2420D248F2835985FE7901AE93', '会话ID', 'sessionId', 'String', '32', '32', 'D2F1407E675143579A43A8E18EEDA3BE', '', '1', '1', '2015-12-03 09:49:48');
INSERT INTO `parameter` VALUES ('0861EFB6D9684FB1A1FC5142D11E48E8', '8066B6142C7D428D8B1329D152DF013E', '旧密码', 'oldPassword', 'String', '6', '16', '000000', '', '1', '2', '2015-12-09 16:33:35');
INSERT INTO `parameter` VALUES ('09C2C083623B4663B5C4E616C06417F7', '9D443B2FCA4F40E39981C4D8111C9A6D', '时间范围类型', 'type', 'String', '1', '32', 'today', '必须保证是标准的JSON格式', '1', '2', '2016-03-21 14:10:59');
INSERT INTO `parameter` VALUES ('0A369F0F7FFE43678BAE2CB66A3ECBEE', '7F056A3482384022B22C10439EC9B369', '市或区', 'region', 'String', '2', '16', '海淀', '市或区的汉字', '1', '2', '2015-11-09 15:25:15');
INSERT INTO `parameter` VALUES ('0B30604DCA114B0B8E2E5F312A45FBEB', '0178AED6425749199DEE285FB9D6A844', '诊断报告Id', 'reportId', 'String', '1', '9', '905', 'undefined', '1', '2', '2016-08-31 11:08:24');
INSERT INTO `parameter` VALUES ('0B33CE6F5DBD4C23B5809A44FC27E7E8', null, '要删除的ID ', 'ids', 'String', '1', '1', '111', 'undefined', '1', '2', '2016-07-08 10:07:31');
INSERT INTO `parameter` VALUES ('0B69C11CE0A141138EBBF1EE243975FB', '9F7EE10BB25E436DB144C20891A64D36', '模板类型', 'sendType', 'String', '3', '32', 'login', '必须保证是标准的JSON格式', '1', '7', '2016-03-21 09:49:36');
INSERT INTO `parameter` VALUES ('0BDB66F8DEB647D2B115FE3D27BC0D15', 'F405F412D3DB4DDEB1BE24D1AC7C2DC7', '终端IP', 'spbill_create_ip', 'String', '1', '1', '220.249.22.170', '必须保证是标准的JSON格式', '1', '1', '2016-04-27 16:04:29');
INSERT INTO `parameter` VALUES ('0C861915670A4742A9E4084A1FFB61F9', 'ACC02C913EC447D481F375C1CB40F99A', '感悟编号', 'inspirationId', 'Long', '1', '1', '1', '', '1', '2', '2015-11-17 11:04:40');
INSERT INTO `parameter` VALUES ('0D691832FC774FB19F999DB972B4090D', '27482538BA2B4D2C90F7336510505A20', '推送内容', 'content', 'String', '1', '128', 'fsfsfsdffsdfsddddddfsdf', '必须保证是标准的JSON格式', '1', '4', '2016-03-21 13:29:17');
INSERT INTO `parameter` VALUES ('0FABF63877794A4EB5614449D5C34D53', 'EB531E77211F4819ABBA795E7BEA8287', '添加好友申请UUID', 'applyUuid', 'String', '1', '100', 'test', 'undefined', '1', '1', '2016-07-19 20:07:22');
INSERT INTO `parameter` VALUES ('10AE094B12664A1C8F507BC98F28AB4E', null, '回话ID', 'sessionId', 'String', '32', '32', 'E20F8481F06B4B1EA7B2AA91E0154A4C', '', '1', '1', '2015-11-09 10:07:16');
INSERT INTO `parameter` VALUES ('11745CF5BAFF4DB68CF158F7414EF82F', '780011C87E914E4BA935DD41EEBD3710', '注册设备类型', 'equipmentType', 'String', '3', '10', 'Web', 'undefined', '1', '5', '2016-07-19 14:07:20');
INSERT INTO `parameter` VALUES ('119E43BDD7BD487A84C38DB8D1859B33', 'B91289B8F89F4CFE98AFFF0EA1B61C1B', '化学代码', 'chemistrySubjectCode', 'String', '1', '6', 'a7ecc', '', '0', '11', '2015-12-07 10:26:34');
INSERT INTO `parameter` VALUES ('12A533F7D44143CE86C941D7425CCC6C', 'B44EAE8E069A48A1B35C02A7C922670D', '会话ID', 'sessionId', 'String', '32', '32', 'D2F1407E675143579A43A8E18EEDA3BE', '', '1', '1', '2015-12-03 11:11:43');
INSERT INTO `parameter` VALUES ('12D5140CD74B4BFDBA3BC415467D2314', '6E6C56EF4B7C4C5C8F08EF712E3B8FFB', '令牌', 'token', 'String', '1', '50', '', 'undefined', '1', '2', '2016-07-19 18:07:36');
INSERT INTO `parameter` VALUES ('14B650F1EF1D4A32A8AD7EE5A779C823', '6E6C56EF4B7C4C5C8F08EF712E3B8FFB', '用户code', 'userCode', 'String', '1', '100', '', 'undefined', '1', '1', '2016-07-19 18:07:21');
INSERT INTO `parameter` VALUES ('173AB572F8E84250B0EEA6AA66212C72', 'CD3ABF598EB84706B738AAC866B6DA2F', '用户耗时', 'time', 'Integer', '1', '1', '60', 'undefined', '1', '2', '2016-08-03 13:08:01');
INSERT INTO `parameter` VALUES ('1BB01265E24C4A13A7B62B03306FDB47', '54852B51EF2A4D29A26D91A892F34D3D', '收藏来源', 'source', 'String', '1', '32', '同步辅导', 'undefined', '1', '3', '2016-08-03 13:08:57');
INSERT INTO `parameter` VALUES ('1C0985AFEB6848EB8488049AF056BA4E', 'ABAF572259514DAFB33622C9895F3CF0', '会话ID', 'sessionId', 'String', '32', '32', 'D2F1407E675143579A43A8E18EEDA3BE', '', '1', '1', '2015-12-02 13:05:47');
INSERT INTO `parameter` VALUES ('1F23A0BEC59143CF9171E9452BD9C110', 'CD3ABF598EB84706B738AAC866B6DA2F', '练习题CODE', 'exercisesCode', 'String', '1', '1', '234534234534234534234534', 'undefined', '1', '3', '2016-08-03 13:08:50');
INSERT INTO `parameter` VALUES ('1F6A12A651E74723BEDE827D03C3C183', '0B4BF8B8B0A24E16AFFC27E8C5F6276C', '每页长度', 'pageSize', 'Integer', '1', '1', '5', '', '1', '3', '2015-11-13 09:30:22');
INSERT INTO `parameter` VALUES ('20D2EF4933DA44DA93D7B49084B0530A', null, 'name', 'name', 'String', '1', '1', '1', '', '1', '2', '2015-11-25 17:42:39');
INSERT INTO `parameter` VALUES ('211CBAF237484DF1A51851FFB4CC5AA7', '716C76310D4546C5921124C8401AE3B3', '语文教材名称', 'chineseTypeName', 'String', '1', '32', '人教版', '', '1', '25', '2015-11-30 14:35:48');
INSERT INTO `parameter` VALUES ('213A50F0B76444ACAD841F6EC76365C3', '7FD74127574F4E82AD1DB7DD45EA74D2', '练习题收藏编号', 'id', 'Integer', '1', '1', '1', 'undefined', '1', '1', '2016-08-03 11:08:24');
INSERT INTO `parameter` VALUES ('21717A56361641FF96AEF7EAAC92AEE6', '27482538BA2B4D2C90F7336510505A20', '推送对象', 'object', 'String', '1', '1', '13681004142', '必须保证是标准的JSON格式', '1', '1', '2016-03-29 10:05:31');
INSERT INTO `parameter` VALUES ('2184DA10122A4F3596C4A0EF2B69FC4A', 'A743D5D4D9FA4A359CFE34C52C8F9D9F', '封面图片', 'coverPictureFile', 'File', '1', '1', '', '', '1', '4', '2015-11-13 09:21:38');
INSERT INTO `parameter` VALUES ('227664943DD44F9987715357FAD5C365', 'B91289B8F89F4CFE98AFFF0EA1B61C1B', '语文科代码', 'chineseSubjectCode', 'String', '1', '6', 'f43e2', '', '0', '4', '2015-12-07 10:21:21');
INSERT INTO `parameter` VALUES ('23D5C3F083F443F5970AB3AA0042170D', '716C76310D4546C5921124C8401AE3B3', '数学教材名称', 'mathTypeName', 'String', '1', '32', '人教版', '', '1', '26', '2015-11-30 14:36:32');
INSERT INTO `parameter` VALUES ('26238622099F418985FF47B9ACDD9D31', '716C76310D4546C5921124C8401AE3B3', '历史科代码', 'historySubjectCode', 'String', '1', '16', '1b0b2', '', '0', '13', '2015-11-30 13:49:42');
INSERT INTO `parameter` VALUES ('265F76A3628C41E38ACC856AF178B7D2', null, '星级', 'start', 'String', '3', '3', '1', '', '1', '6', '2015-11-07 15:04:54');
INSERT INTO `parameter` VALUES ('268D7AF4FE494B4F8C7B9D6B01D49629', '77EC98F9230446EDAD57A0A96FBF2CA2', '会话ID', 'sessionId', 'String', '32', '32', '006FF0209FF34C1C9803A21874CC131D', '', '1', '1', '2015-12-01 09:53:32');
INSERT INTO `parameter` VALUES ('27C7AF67A9804DD5AB0805B6A330B2F0', '77EC98F9230446EDAD57A0A96FBF2CA2', '学科编号', 'subjectCode', 'String', '1', '16', '274ea', '', '0', '3', '2015-12-01 09:59:51');
INSERT INTO `parameter` VALUES ('2A8A546348A4475BBF61D2BD6B6D5C33', '439694BABAA64E1496BCE761BD42240A', 'JSON格式的参数', 'jsonString', 'String', '1', '10000', '{\r\n    \"testCode\": \"0730438599f543319a95a36f98556081\",\r\n    \"userUniqueId\": \"13681004142\",\r\n    \"userScore\": 99,\r\n    \"time\": 60,\r\n   \"subjectName\":\"数学\",\r\n   \"gradeName\":\"一年级\",\r\n    \"totalScore\": 100,\r\n    \"testTitle\": \"北京市 2016年高一下学期期末\",\r\n    \"answers\": [\r\n        {\r\n            \"serialNumber\": \"1\",\r\n            \"isRight\": true,\r\n            \"knowledges\": [\r\n                \"物质的组成和性质\",\r\n                \"常见金属元素及其化合物\",\r\n                \"常见非金属元素及其化合物\",\r\n                \"有机化学基础\"\r\n            ],\r\n            \"produces\": \"事实(F)@具体概念类\"\r\n        },\r\n        {\r\n            \"serialNumber\": \"2\",\r\n            \"isRight\": true,\r\n            \"knowledges\": [\r\n                \"有机化学基础\"\r\n            ],\r\n            \"produces\": \"事实(F)@具体概念类@抽象原理类\"\r\n        },\r\n        {\r\n            \"serialNumber\": \"3\",\r\n            \"isRight\": true,\r\n            \"knowledges\": [\r\n                \"物质的组成和性质\",\r\n                \"常见金属元素及其化合物\",\r\n                \"常见非金属元素及其化合物\",\r\n                \"有机化学基础\"\r\n            ],\r\n            \"produces\": \"事实(F)@具体概念类@方法评价类\"\r\n        }\r\n    ]\r\n}', '必须保证是标准的JSON格式', '1', '1', '2016-04-28 14:04:03');
INSERT INTO `parameter` VALUES ('2AD62B8D3FD841229AA857E1CFE221BD', 'B8A72F765D6D4A8DAC3EDDEF7CEB2468', '战名校编号', 'challengeSchooleId', 'Long', '1', '1', '1', '', '1', '2', '2015-11-26 15:22:11');
INSERT INTO `parameter` VALUES ('2B7BC7F42E2742059351E86B690C4278', null, '学科代码', 'subjectCode', 'String', '16', '16', '274ea ', '', '1', '3', '2015-11-07 15:02:41');
INSERT INTO `parameter` VALUES ('2C9A16F4E75348C987D99BE79A0D9411', '596059BC01754C96BE8BD95F71D38AE0', '每页长度', 'pageSize', 'Integer', '11', '11', '5', '', '1', '2', '2015-11-11 11:14:50');
INSERT INTO `parameter` VALUES ('2D6DE487B3AC4F96A4955A5F9BCE6693', '716C76310D4546C5921124C8401AE3B3', '所在中学编号', 'shoolId', 'Long', '1', '1', '109572', '', '1', '5', '2015-11-30 13:35:39');
INSERT INTO `parameter` VALUES ('2D9A7CBBC0C64542A36BB4E01DE1B240', 'D7A05F7235AC45CFB17F154B00879B27', '学科编号', 'subjectCode', 'String', '16', '16', '274ea', '', '1', '1', '2015-11-23 15:03:27');
INSERT INTO `parameter` VALUES ('2E18F683C29E446A87EEE62A92C5FAB1', 'C1E8BE8AF9734B1AB00D7048251A559C', '旧密码', 'oldPassword', 'String', '6', '18', 'test23456', 'undefined', '1', '1', '2016-07-19 18:07:22');
INSERT INTO `parameter` VALUES ('2F03906643C24DE4B5022C0155B9B0C9', '0B4BF8B8B0A24E16AFFC27E8C5F6276C', '会话ID', 'sessionId', 'String', '1', '32', '896AC0D30E024D07BCC34A95DE7A16C6', '', '1', '1', '2015-11-13 09:29:10');
INSERT INTO `parameter` VALUES ('2F8720CA57744696A4D8225236F29A4F', null, 'g', 'g', 'String', '1', '1', 'g', 'undefined', '1', '2', '2016-06-22 17:06:26');
INSERT INTO `parameter` VALUES ('2FAD038319C94A4C9EA4889DA1A01247', null, 'JSON格式的参数', 'jsonString', 'String', '1', '10000', '{    \"l1\": {        \"l1_1\": [            \"l1_1_1\",            \"l1_1_2\"        ],        \"l1_2\": {            \"l1_2_1\": 121        }    },    \"l2\": {        \"l2_1\": null,        \"l2_2\": true,        \"l2_3\": {}    }}', '必须保证是标准的JSON格式', '1', '1', '2016-04-18 11:04:33');
INSERT INTO `parameter` VALUES ('305EB0931A3040F4AF4742958BEC5C66', '62FDFBD4799745039C8BB8D3E34F0B55', 'f', 'f', 'String', '1', '1', 'f', 'undefined', '1', '1', '2016-08-04 11:08:11');
INSERT INTO `parameter` VALUES ('3096FF2F2FC34ED99422DD96DB38B43E', 'F405F412D3DB4DDEB1BE24D1AC7C2DC7', '总金额', 'total_fee', 'String', '1', '64', '1', '必须保证是标准的JSON格式', '1', '3', '2016-04-27 14:04:50');
INSERT INTO `parameter` VALUES ('30E21E15A0424090B3E0C8B26806CE51', '86287C00848A4843B87C5427384303E4', '教材版本Code', 'booktypeCode', 'String', '1', '64', '958e8dabd3d64834b608aa90e5cc2cfd', '必须保证是标准的JSON格式', '1', '1', '2016-04-29 09:04:41');
INSERT INTO `parameter` VALUES ('3158875419644FE18F701EAC7A70DAB5', 'F84FBF59B23943AEBB1DC24C5CC3696B', '类型', 'type', 'String', '1', '8', 'IOS', 'undefined', '1', '3', '2016-08-05 14:08:37');
INSERT INTO `parameter` VALUES ('32BB7036C5BA4865A66A5BF1858E946D', 'D47EF272D76E4AB28E2291A317EEC4AD', 'JSON格式的参数', 'jsonString', 'String', '1', '10000', '{\r\n    \"customsBarrier\": \"5\",\r\n    \"subjects\": [\r\n        \"274ea\",\r\n        \"f43e2\",\r\n        \"be6c8\",\r\n        \"2e426\",\r\n        \"9c1e0\",\r\n        \"a7ecc\"\r\n    ],\r\n    \"booktypes\": [\r\n        \"f0feb18fb79847e59b12b3797be7ce66\",\r\n        \"f0feb18fb79847e59b12b3797be7ce66\",\r\n        \"f0feb18fb79847e59b12b3797be7ce66\",\r\n        \"b20f9df0c1fe4a1d883bb36c447dac10\",\r\n        \"f0feb18fb79847e59b12b3797be7ce66\",\r\n        \"002770a34b04454fa6626e28ba67fa4c\"\r\n    ]\r\n}', '必须保证是标准的JSON格式', '1', '1', '2015-11-23 11:28:10');
INSERT INTO `parameter` VALUES ('3325A806DB53483D80DD296CB0A7E7B3', '8066B6142C7D428D8B1329D152DF013E', '电话号码', 'phoneNumber', 'String', '11', '11', '13681004142', '', '1', '1', '2015-12-09 16:32:54');
INSERT INTO `parameter` VALUES ('339957160787409CB153A5CDA058F5E2', null, '密码', 'password', 'String', '6', '16', '000000', '', '1', '2', '2015-11-05 17:32:02');
INSERT INTO `parameter` VALUES ('357DCF9736764CEB92C2F8E3443F8B85', null, '参数', 'parameter', 'String', '1', '15', 'fs', '必须保证是标准的JSON格式', '1', '1', '2016-04-26 15:04:16');
INSERT INTO `parameter` VALUES ('37E654789880409EB1196C4E0030F185', null, '习题编号', 'exNumber', 'String', '1', '1', '1', '习题编号', '1', '1', '2015-11-06 15:18:18');
INSERT INTO `parameter` VALUES ('37F7EFB6D75E49E4B758A3EFECC48C19', '716C76310D4546C5921124C8401AE3B3', '语文教材版本代码', 'chineseBookTypeCode', 'String', '32', '32', 'bd9bfc91c6a540c2bbe0866ebc6df1b8', '', '1', '8', '2015-11-30 13:39:32');
INSERT INTO `parameter` VALUES ('382A3FA0FD9E43809F41E226E6A578D0', '780011C87E914E4BA935DD41EEBD3710', '密码', 'password', 'String', '6', '18', 'test123456', 'undefined', '1', '2', '2016-07-19 14:07:39');
INSERT INTO `parameter` VALUES ('3BC1D0202E874009BD30B204164D672F', 'B91289B8F89F4CFE98AFFF0EA1B61C1B', '地理代码', 'geographySubjectCode', 'String', '1', '6', 'fb413', '', '0', '8', '2015-12-07 10:24:41');
INSERT INTO `parameter` VALUES ('3CEEC46BB011456AAA469ED438852252', '780011C87E914E4BA935DD41EEBD3710', '注册来源', 'registerSource', 'String', '3', '6', '011', 'undefined', '1', '3', '2016-07-19 14:07:38');
INSERT INTO `parameter` VALUES ('3D198D3FED3E4E728A503EAAE669F37F', '716C76310D4546C5921124C8401AE3B3', '数学科代码', 'mathSubjectCode', 'String', '1', '16', '274ea', '', '1', '9', '2015-11-30 13:45:02');
INSERT INTO `parameter` VALUES ('3DE9682B527B41E2BC25EE57AA864FE8', '16AB1249170F470781DB04E4BBA79C9F', '战名校编号', 'challengeSchooleId', 'Long', '32', '32', '1', '', '1', '2', '2015-11-30 10:29:13');
INSERT INTO `parameter` VALUES ('3F44E229AEBE43D89E58A689672B48E1', null, '电话号码', 'phoneNumber', 'String', '11', '11', '13681004142', '', '1', '1', '2015-11-05 17:31:25');
INSERT INTO `parameter` VALUES ('4192F4E913CE4363BAA1587B9E01F56C', '405956C5213043B09F8DD558E57DB2CF', '用户code', 'userCode', 'String', '1', '100', 'test123456', 'undefined', '1', '1', '2016-07-19 18:07:59');
INSERT INTO `parameter` VALUES ('42E975FA6BA648D3A509E9F8B7052E2F', '7F564EFB242748939746C2315A668FF9', '学科编号', 'subjectCode', 'String', '1', '16', '274ea', '', '0', '3', '2015-12-01 10:00:37');
INSERT INTO `parameter` VALUES ('4315598F8E1243C6965601F5D7BB0922', '6205A4EC8D8945739693FBED1C20C1D2', '年级代码', 'gradeCode', 'String', '5', '5', '83e01', '', '1', '2', '2015-11-11 10:53:56');
INSERT INTO `parameter` VALUES ('433420719B2B4BFEBC9D0B8FF9A61657', null, 'ff', 'ff', 'String', '1', '1', 'ff', '必须保证是标准的JSON格式', '1', '1', '2016-03-21 15:54:41');
INSERT INTO `parameter` VALUES ('437F0394B0A94202AE8AE1BA7540A742', '9F7EE10BB25E436DB144C20891A64D36', '应用编号', 'openId', 'String', '32', '64', 'd4ae37ce-24a8-4763-82b5-51b261a416c8', '必须保证是标准的JSON格式', '1', '1', '2016-03-21 09:19:16');
INSERT INTO `parameter` VALUES ('442AA572D3364970A72B995A60F6EBAE', null, '已经发送', 'sdffdfsf', 'String', '32', '32', 'dsfdfssdfsdfsdfsdfsdfsdfsdfsdf', 'undefined', '1', '2', '2016-08-04 09:08:22');
INSERT INTO `parameter` VALUES ('44D7DEB28C4549F0A70977912E8F68D9', '1D8345881C864FB8896BF2CE2506A649', '学生类型', 'studentType', 'String', '1', '1', '1', 'undefined', '1', '1', '2016-09-01 15:09:47');
INSERT INTO `parameter` VALUES ('451D3386201E4CC69E9E161B23C325F0', '91627DC8CF304C8EAE4C5B7E115907CE', '类型', 'type', 'String', '1', '16', 'CHU_ZHONG', 'undefined', '1', '1', '2016-04-29 13:04:09');
INSERT INTO `parameter` VALUES ('45CBE623A48947569B17FC74E7101ACD', null, 'f', 'f', 'String', '1', '1', 'f', 'undefined', '1', '1', '2016-06-18 09:06:14');
INSERT INTO `parameter` VALUES ('45D16ECB4BB94CE4A25F402860050862', 'F84FBF59B23943AEBB1DC24C5CC3696B', 'f', 'f', 'String', '1', '3', 'fff', 'undefined', '1', '1', '2016-08-04 16:08:24');
INSERT INTO `parameter` VALUES ('46375B07E5B64C1A96F7FF5AC9FF0845', 'CBC118FCD9A24234A8B7E00371D047C5', '感悟编号', 'inspirationId', 'Long', '1', '1', '1', '', '1', '1', '2015-11-13 09:14:37');
INSERT INTO `parameter` VALUES ('46589FC3E03340848190308E37B5FB4C', '716C76310D4546C5921124C8401AE3B3', '化学教材名称', 'chemistryTypeName', 'String', '1', '32', '人教版', '', '0', '28', '2015-11-30 14:43:41');
INSERT INTO `parameter` VALUES ('4680C0CC1B8F433AAEA060F4F68E22C3', '5972EA20C7EF4274BB3AB177A649B90F', '我的用户code', 'myUserCode', 'String', '1', '100', 'test', 'undefined', '1', '1', '2016-07-21 11:07:41');
INSERT INTO `parameter` VALUES ('46A3D1FF28574048A5284C2C6BAA0E9F', '733E24FF765645FE8A225D8902CBB48B', '当前页', 'pageNumber', 'Integer', '1', '1', '1', '', '1', '2', '2015-12-18 13:17:45');
INSERT INTO `parameter` VALUES ('496BA5BCD4F6471A81CB115C1A99133D', '3857C6B81BEA439D966F4D288CB31F72', '终端IP', 'spbillCreateIp', 'String', '16', '64', '127.0.0.1', 'undefined', '1', '1', '2016-08-03 10:08:03');
INSERT INTO `parameter` VALUES ('49AE43B144C04B2D9B853F466BEEBED4', null, 'id', 'id', 'String', '1', '16', 'UI23IUOIJl32KJkl', 'undefined', '1', '1', '2016-06-02 16:06:25');
INSERT INTO `parameter` VALUES ('4A8B2B0B4FDF4A188F628D92FAF19D74', '6BAAD463F7A740B9884CBF50C835A05C', ' 父知识点代码', 'parentcode', 'String', '32', '32', '12925dc1de5e4368a6d5e12fb66dec35   ', '', '1', '1', '2015-11-11 11:10:13');
INSERT INTO `parameter` VALUES ('4B07104F0C4D4517BF4DCF344DC5902B', '716C76310D4546C5921124C8401AE3B3', '地理科代码', 'geographySubjectCode', 'String', '1', '16', 'fb413', '', '0', '15', '2015-11-30 13:54:24');
INSERT INTO `parameter` VALUES ('4D680B8A476047088CD50E20B319680C', '716C76310D4546C5921124C8401AE3B3', '所在地区名称', 'province', 'String', '1', '32', '北京', '', '1', '4', '2015-11-30 13:33:23');
INSERT INTO `parameter` VALUES ('4D9286D8E0944C328067837E2B7D66EC', '372308C89B5045FEBACBA0BB49FFF320', '', 'requestId', 'String', '32', '64', '6830396ce01a464ab3c97aec9300be0d', 'undefined', '1', '1', '2016-07-20 17:07:26');
INSERT INTO `parameter` VALUES ('4E79FFD90E664485873169E7D0E201E0', 'AD8C9A02C1524E5D872ACED339B2E73C', '习题编号', 'exercisesCode', 'String', '32', '32', '3f3f3b5a92db4d1ea7467d1750a3d698', '', '1', '2', '2015-12-02 10:15:35');
INSERT INTO `parameter` VALUES ('4ED83728C54344B6ACDA8D418D6294A1', null, 'fff', 'ff', 'String', '1', '1', '', '必须保证是标准的JSON格式', '1', '3', '2016-03-23 16:58:40');
INSERT INTO `parameter` VALUES ('4EE10DD643E24D42ABAACD8B9251C374', 'DEA10B43B2744149A2E81E98764E5A30', '报告编号', 'reportId', 'Integer', '1', '1', '1', '必须保证是标准的JSON格式', '1', '1', '2016-04-21 09:04:14');
INSERT INTO `parameter` VALUES ('4EFD4F1052404BB696C1CAB64BF18642', 'E3793B552185402EBAA7B37C164D6A08', '封面图片', 'coverPictureFile', 'File', '1', '1', '', '', '1', '2', '2015-11-10 15:09:26');
INSERT INTO `parameter` VALUES ('4FF583A655E4475EA05A0302A0F6ED84', '799570CB5852421EA592EED4CC5CD700', '用户编号', 'productId', 'String', '32', '64', '32bdd1c5-8eef-4843-9a9a-228dc0f3b617', '必须保证是标准的JSON格式', '1', '1', '2016-03-17 16:24:50');
INSERT INTO `parameter` VALUES ('5008A664844A40BCAA74BFF46A51994F', null, '', '', 'String', '1', '1', '', 'undefined', '1', '2', '2016-07-21 20:07:02');
INSERT INTO `parameter` VALUES ('5047B424017A4537A902BE68144A4A95', '716C76310D4546C5921124C8401AE3B3', '地理教材名称', 'geographyTypeName', 'String', '1', '32', '人教版', '', '0', '27', '2015-11-30 14:38:32');
INSERT INTO `parameter` VALUES ('51F1E59C9D954625B09228FEC03B7775', '89379F7B09C441C3BB7D576AD1735D48', 'f', 'f', 'String', '1', '1', 'f', 'undefined', '1', '1', '2016-08-04 19:08:01');
INSERT INTO `parameter` VALUES ('51F8D2A65DF34F908F4C67F3839FAF58', 'B91289B8F89F4CFE98AFFF0EA1B61C1B', '历史科代码', 'historySubjectCode', 'String', '1', '6', 'fb413', '', '0', '7', '2015-12-07 10:23:58');
INSERT INTO `parameter` VALUES ('56437CA9B3F84F62A53034CE899E06A9', 'BD50776D9D534189A3DCEABF1470D001', '应用编号', 'productId', 'String', '32', '64', '32bdd1c5-8eef-4843-9a9a-228dc0f3b617', '必须保证是标准的JSON格式', '1', '1', '2016-03-21 11:38:40');
INSERT INTO `parameter` VALUES ('570B119B501347F69BD322F3E9CC4AC8', 'C1E8BE8AF9734B1AB00D7048251A559C', '令牌', 'token', 'String', '1', '60', 'test123456', 'undefined', '1', '4', '2016-07-19 18:07:25');
INSERT INTO `parameter` VALUES ('5742E329F6384B2EB8D73B622E3E51C4', null, '习题代码', 'exercisesId', 'String', '32', '32', '3f3f3b5a92db4d1ea7467d1750a3d698', '', '1', '2', '2015-11-09 10:08:48');
INSERT INTO `parameter` VALUES ('574B825B631E4460B02F6B2FDBC1E161', '939C2627FA604779927259D5AE43BDFA', '解题心得内容', 'solveQuestionExperienceContent', 'String', '10', '100', '好哈时间了快递费时来得快上的飞机离开山东时间的李开复受打击了妇科数量的风景', '', '1', '4', '2015-11-11 13:46:41');
INSERT INTO `parameter` VALUES ('596BB3CED2CF4727B48E53BE69BD2705', '939C2627FA604779927259D5AE43BDFA', '练习记录编号', 'exercisesId', 'Long', '11', '11', '22', '', '1', '2', '2015-11-11 13:44:18');
INSERT INTO `parameter` VALUES ('599CE61886E34F44AE8EFACDF90B3FB1', 'F405F412D3DB4DDEB1BE24D1AC7C2DC7', '类型', 'type', 'String', '1', '16', 'GAO_ZHONG', '必须保证是标准的JSON格式', '1', '1', '2016-04-22 15:04:15');
INSERT INTO `parameter` VALUES ('5A7CF93DB3F349C788D2C0973AF3DC95', '716C76310D4546C5921124C8401AE3B3', '政治教材名称', 'politicsTypeName', 'String', '1', '32', '人教版', ' ', '0', '28', '2015-11-30 14:39:15');
INSERT INTO `parameter` VALUES ('5B1BA40143934AF4AA8DD9CF099C37A2', '032FF75F7D574B10B32FAD8DE62D619B', '用户唯一标识', 'userUniqueId', 'String', '1', '64', '13681004142', '必须保证是标准的JSON格式', '1', '2', '2016-04-22 13:04:58');
INSERT INTO `parameter` VALUES ('5CF9478F365148C481AE707D6E027113', 'F96E90CE661E48A68628B6007198923D', '好友请求来源', 'applySource', 'String', '1', '10', 'search', 'undefined', '0', '3', '2016-07-19 20:07:16');
INSERT INTO `parameter` VALUES ('5D0C44A6B34444ADBA478B06BDD9AA12', '314CBECB6B95463BB64E151700FA4F90', '当前页', 'pageNum', 'Integer', '1', '1', '1', '必须保证是标准的JSON格式', '1', '1', '2016-04-20 15:04:39');
INSERT INTO `parameter` VALUES ('5DCBECA0066E481C80CB6751453A37DF', '716C76310D4546C5921124C8401AE3B3', '物理科代码', 'physicsSubjectCode', 'String', '1', '16', '2e426', '', '0', '19', '2015-11-30 14:22:13');
INSERT INTO `parameter` VALUES ('5E26D824A24B459BA0D6951BCA88FC4D', '50891CF5DADC4C07B63214E2B1E25F33', '教材版本代码', 'booktype', 'String', '32', '32', 'cec15c81e25040898f5aae9be1dd60ad', '', '1', '3', '2015-11-11 11:02:10');
INSERT INTO `parameter` VALUES ('5E678337BFF54A9A8D273CE8D3CE6542', '2A599AAC6E94420B8D819D2C6D14DEB0', '会话ID', 'sessionId', 'String', '32', '32', 'AC9182B7D4E8462EB7D6CFC00C62EF3A', '', '1', '1', '2015-11-24 15:00:19');
INSERT INTO `parameter` VALUES ('5E9E1C2C73954B30BE8CAB89491184D6', '27482538BA2B4D2C90F7336510505A20', '密码', 'password', 'String', '16', '64', 'e10adc3949ba59abbe56e057f20f883e', '必须保证是标准的JSON格式', '1', '2', '2016-03-21 13:28:06');
INSERT INTO `parameter` VALUES ('5EB5309AEB6F427BB1F61D42C27F44DD', '314CBECB6B95463BB64E151700FA4F90', '每页数量', 'pageSize', 'Integer', '1', '1', '10', '必须保证是标准的JSON格式', '1', '2', '2016-04-20 15:04:09');
INSERT INTO `parameter` VALUES ('5FA7F3DBBAF641E880C54B1F7EC6B355', '9F7EE10BB25E436DB144C20891A64D36', '邮件主题', 'subject', 'String', '1', '32', '短信验证', '必须保证是标准的JSON格式', '1', '4', '2016-03-21 09:21:17');
INSERT INTO `parameter` VALUES ('6014C95AE8474609B4B28B7E20776640', null, '编号', 'id', 'String', '1', '1', '1', '', '1', '2', '2015-11-28 14:37:35');
INSERT INTO `parameter` VALUES ('61BF775A648C4ED0B7CE600B25E78F36', 'AD8C9A02C1524E5D872ACED339B2E73C', '学科代码', 'subjectCode', 'String', '1', '16', '274ea', '', '1', '3', '2015-12-02 10:20:26');
INSERT INTO `parameter` VALUES ('63CED5EBC3EC457CBB5DA1600F6B3A71', '27482538BA2B4D2C90F7336510505A20', '拓展字段', 'extraContent', 'String', '1', '1024', '来说快点放假了就是独立开发角落上课的发链接可怜的是否', 'undefined', '1', '9', '2016-08-08 16:08:07');
INSERT INTO `parameter` VALUES ('644FC4D74156463CBF1DF9CC262A2113', '854A7064481C4E65B88CEB0C84AA6E40', '会话ID', 'sessionId', 'String', '32', '32', '006FF0209FF34C1C9803A21874CC131D', '', '1', '1', '2015-11-30 09:16:23');
INSERT INTO `parameter` VALUES ('64B6A1D87CC24644B62316510820CA54', null, 'requestType', 'requestType', 'String', '9', '9', 'POST', 'requestType', '1', '2', '2015-11-07 14:54:29');
INSERT INTO `parameter` VALUES ('64BCBD917C4B4CB49D1A29BBA72CBA64', '978C62DABEFE4EF5B8E62A35F54D18BB', '手机号码', 'phoneNumber', 'String', '11', '11', '13681004142', '支持中国大陆的3网手机号码', '1', '1', '2015-11-06 17:59:37');
INSERT INTO `parameter` VALUES ('662D53AC70DC4A3B8C5967C17833C190', '0B4BF8B8B0A24E16AFFC27E8C5F6276C', '当前页', 'pageNumber', 'Integer', '1', '1', '1', '', '1', '2', '2015-11-13 09:29:45');
INSERT INTO `parameter` VALUES ('6673880401A44EA18D2E1AACE3C66B67', '799570CB5852421EA592EED4CC5CD700', '请求类型', 'type', 'String', '1', '16', 'today', '必须保证是标准的JSON格式', '1', '2', '2016-03-17 16:25:42');
INSERT INTO `parameter` VALUES ('66DF8144311D43C4AC73F9FBF8C277B3', '716C76310D4546C5921124C8401AE3B3', '生物教材版本代码', 'biologyBookTypeCode', 'String', '32', '32', '0ed8cda6c7b743d789a3137724e09eaf', '', '0', '26', '2015-11-30 14:29:47');
INSERT INTO `parameter` VALUES ('6759BDC80FD44A4D8A177402B334EE88', '46FF1F024CFB4CE9887B2DED32D8E8A7', '测试报告编号', 'reportId', 'Integer', '1', '1', '1', '必须保证是标准的JSON格式', '1', '1', '2016-04-20 15:04:41');
INSERT INTO `parameter` VALUES ('68DACEFF498145DAA9E739442B3A1FAB', 'A1B3310C3A634692AC7D838B14DD1ED2', '会话ID', 'sessionId', 'String', '1', '32', '896AC0D30E024D07BCC34A95DE7A16C6', '', '1', '1', '2015-11-13 11:11:21');
INSERT INTO `parameter` VALUES ('68F3A5855DBC4AFAA6E6FCA7C5A98DE0', '5127645D562A4E93951C815E59EDA32D', '会话ID', 'sessionId', 'String', '32', '32', 'D8461C85AC5A4FBB8BC835C95B408CE7', '', '1', '1', '2015-12-14 15:30:23');
INSERT INTO `parameter` VALUES ('69160B749AA74688AA51F3CE75607088', 'B91289B8F89F4CFE98AFFF0EA1B61C1B', '政治代码', 'politicsSubjectCode', 'String', '1', '1', '5df22', '', '0', '1', '2015-12-07 10:47:26');
INSERT INTO `parameter` VALUES ('6B496D442A3C48358D47C05F0B33DEE2', null, 's', 's', 'String', '1', '3', 'hr', 's', '1', '1', '2015-12-15 08:57:31');
INSERT INTO `parameter` VALUES ('6BC992DD91964739BEB076C507F344A2', '12733182B9164CAFA0A07AB202E96BA7', '会话ID', 'sessionId', 'String', '32', '32', 'BCB01A60911B4E4CB06455E2753E3C66', '', '1', '1', '2015-11-11 11:48:14');
INSERT INTO `parameter` VALUES ('6C57AEDC1F7A43839811D83D1A836E36', '716C76310D4546C5921124C8401AE3B3', '语文科代码', 'chineseSubjectCode', 'String', '1', '16', 'f43e2', '', '1', '7', '2015-11-30 13:40:51');
INSERT INTO `parameter` VALUES ('6CE75168EA7342B9A4C54659501402A5', 'F6AE3EF135E54802B8349F7F14DA4380', '应用编号', 'productId', 'String', '32', '64', '32bdd1c5-8eef-4843-9a9a-228dc0f3b617', '必须保证是标准的JSON格式', '1', '1', '2016-03-17 10:42:36');
INSERT INTO `parameter` VALUES ('6DAF05C8CD7849DAA9793F1AF2F4527A', null, 'y', 'y', 'String', '1', '1', 'y', '必须保证是标准的JSON格式', '1', '1', '2016-04-18 09:04:19');
INSERT INTO `parameter` VALUES ('6E1F34F459A54798AE668665A63E5E34', 'CCCD3D710F594226A2198693364F5972', '学段', 'phase', 'String', '11', '11', '1', '', '1', '1', '2015-11-09 15:22:32');
INSERT INTO `parameter` VALUES ('6F51A68F27F54C0DB6D926237D0487BC', null, '是否正确', 'isRight', 'String', '1', '32', '1', '', '1', '5', '2015-11-09 10:11:17');
INSERT INTO `parameter` VALUES ('7068E8A913D740C5BA8C630B6E8084C6', '9F7EE10BB25E436DB144C20891A64D36', '请求编号', 'requestId', 'String', '16', '32', 'sdfsdfsfd232434', '必须保证是标准的JSON格式', '0', '6', '2016-03-21 09:22:38');
INSERT INTO `parameter` VALUES ('70A60AFDBAE543B89B3D36108FA4A84A', null, 'JSON格式的参数', 'jsonString', 'String', '1', '10000', '{  \"sessionId\": \"4708ACE0F1AD44D9A709AB32FABEE010\",  \"exercises\": [{\"exercisesId\":\"3f3f3b5a92db4d1ea7467d1750a3d698\",\"subjectId\":\"274ea\",\"gradeId\":\"83e01\",\"isRight\":\"1\"},{\"exercisesId\":\"266ce8b224f740f698f5db2ae5e15b68\",\"subjectId\":\"274ea\",\"gradeId\":\"83e01\",\"isRight\":\"1\"},{\"exercisesId\":\"9596acbff9434160a38f39e951a59b79\",\"subjectId\":\"274ea\",\"gradeId\":\"83e01\",\"isRight\":\"1\"}]}', '必须保证是标准的JSON格式', '1', '1', '2015-11-09 10:32:00');
INSERT INTO `parameter` VALUES ('70DCA0C42D464A1D9BA9646B37D9DF0B', 'F5DD7A04A3964D00AB3172FCDAB03CF3', '类型', 'type', 'String', '1', '16', '单元测试', 'undefined', '1', '8', '2016-05-10 13:05:47');
INSERT INTO `parameter` VALUES ('7133192ED0314A5BA6996259BBA7E236', '716C76310D4546C5921124C8401AE3B3', '化学教材版本代码', 'chemistryBookTypeCode', 'String', '32', '32', '0ed8cda6c7b743d789a3137724e09eaf', '', '0', '22', '2015-11-30 14:26:47');
INSERT INTO `parameter` VALUES ('713D216EFABC476E89E45E46A44A3DD3', 'A743D5D4D9FA4A359CFE34C52C8F9D9F', '感悟编号', 'inspirationId', 'Long', '1', '1', '1', ' ', '1', '2', '2015-11-13 09:20:27');
INSERT INTO `parameter` VALUES ('71EFEFA1395548DF81AAF479207C83DE', '27482538BA2B4D2C90F7336510505A20', 'appKey', 'appKey', 'String', '1', '1', 'ec86eb0e8ada5b85082cd163', '必须保证是标准的JSON格式', '1', '1', '2016-03-29 10:04:49');
INSERT INTO `parameter` VALUES ('7373F10FD84143258E72D4AE917978C0', null, 'ff', 'ff', 'String', '1', '1', 'f', '必须保证是标准的JSON格式', '1', '2', '2016-03-23 16:58:34');
INSERT INTO `parameter` VALUES ('73A74F650E96448BA440B0C888C1976B', 'CD3ABF598EB84706B738AAC866B6DA2F', '知识点', 'knowledges', 'JsonArray', '1', '1', '[]', 'undefined', '1', '4', '2016-08-03 13:08:42');
INSERT INTO `parameter` VALUES ('7443C6DB57F244AB9332CD79792CCF3B', '9ACEABFEA17241DC9A07F931D652B6AF', '会话ID', 'sessionId', 'String', '32', '32', '006FF0209FF34C1C9803A21874CC131D', '', '1', '1', '2015-11-28 10:01:11');
INSERT INTO `parameter` VALUES ('74CB6F501FB149D79891ABF60A455ACA', null, 'f', 'f', 'String', '1', '1', '1', 'f', '1', '1', '2015-11-05 16:34:42');
INSERT INTO `parameter` VALUES ('74E3D95E024B4ED6BB86C05A6449BA92', '596059BC01754C96BE8BD95F71D38AE0', '知识点代码', 'knowledgeCode', 'String', '32', '32', '5febd7fa6ad04104ac5e743f98eae770', '', '1', '5', '2015-11-11 11:16:55');
INSERT INTO `parameter` VALUES ('74EF87D9056142BEA4F3DA9A6EB3945E', 'D773BFD06755438283AA3CCEDF890EA4', '密码', 'password', 'String', '6', '16', '000000', '', '1', '2', '2015-11-07 15:43:57');
INSERT INTO `parameter` VALUES ('76CB7B3216C94355BC8CCC6E1DC61388', '7E4372BAA1CD4FCCB31700706C38B6BB', '教学周期code', 'weekTimeCode', 'String', '32', '32', 'SFSFSDFSFSDDFSDFSDFSDFSDFSD', 'undefined', '0', '1', '2016-09-28 14:09:24');
INSERT INTO `parameter` VALUES ('773F3A703F1C46FC9F5FF74352C3B107', '716C76310D4546C5921124C8401AE3B3', '地理教材版本', 'geographyBookTypeCode', 'String', '32', '32', '0ed8cda6c7b743d789a3137724e09eaf', '', '0', '16', '2015-11-30 13:54:56');
INSERT INTO `parameter` VALUES ('7814624D7EB74305A044FCD5F8F569D8', '596059BC01754C96BE8BD95F71D38AE0', '当前页数', 'pageNumber', 'Integer', '11', '11', '1', '', '1', '1', '2015-11-11 11:14:18');
INSERT INTO `parameter` VALUES ('785FA8A7A5384C3BA0FF4EC103D80974', null, '会话ID', 'sessionId', 'String', '32', '32', 'BCB01A60911B4E4CB06455E2753E3C66', '', '1', '1', '2015-11-11 11:32:46');
INSERT INTO `parameter` VALUES ('78FAF7C4D23249F78A3F148ADE0C75CE', '276B85014DCA4347B5C3854862CFEA5A', '新密码', 'password', 'String', '6', '16', '000000', '', '1', '2', '2015-11-11 10:33:58');
INSERT INTO `parameter` VALUES ('7A79F02A71E44BF482109B2476C3E1F4', 'CCCD3D710F594226A2198693364F5972', '省或直辖市', 'province', 'String', '2', '16', '北京', '省或直辖市的汉字', '1', '2', '2015-11-09 15:23:39');
INSERT INTO `parameter` VALUES ('7AA631DC83BF4C8896682B37DF12A191', 'F96E90CE661E48A68628B6007198923D', '将添加的好友code', 'friendCode', 'String', '1', '100', 'test', 'undefined', '1', '2', '2016-07-19 20:07:47');
INSERT INTO `parameter` VALUES ('7AFD53E12A24422CB11E5F986CD014BC', '733E24FF765645FE8A225D8902CBB48B', '每页大小', 'pageSize', 'Integer', '1', '1', '5', '', '1', '3', '2015-12-18 13:18:13');
INSERT INTO `parameter` VALUES ('7B8ECD0E50A84163A43BD569B2A9F590', 'E3793B552185402EBAA7B37C164D6A08', '内容', 'content', 'String', '20', '100', '新华网北京11月9日电　中共中央总书记、国家主席、中央军委主席、中央全面深化改革领导小组组长习近平11月9日上午主持召开中央全面深化改革领导小组第十八次会议并发表重要讲话。他强调，党的十八届五中全会通过的《中共中央关于制定国民经济和社会发展第十三个五年规划的建议》', '', '1', '1', '2015-11-10 15:08:28');
INSERT INTO `parameter` VALUES ('7B9CEFF13D0246C88E67A0A72F17560F', '716C76310D4546C5921124C8401AE3B3', '英语教材名称', 'englishTypeName', 'String', '1', '32', '人教版', '', '1', '26', '2015-11-30 14:37:14');
INSERT INTO `parameter` VALUES ('7C9A5CD495EE41A3A3571AEAF746F6D8', '43D35B67CA9748329EDDEE20F4A9B158', '习题编号', 'exerciseCode', 'String', '32', '32', '3f3f3b5a92db4d1ea7467d1750a3d698', '', '1', '2', '2015-12-02 10:09:55');
INSERT INTO `parameter` VALUES ('7EBD857633CF4AE1B4128013EAC5B261', 'F96E90CE661E48A68628B6007198923D', '我的用户code', 'myUserCode', 'String', '1', '100', '', 'undefined', '1', '1', '2016-07-19 20:07:11');
INSERT INTO `parameter` VALUES ('8074183F315343BDAAB681E94106B4C6', null, '', '', 'String', '1', '1', '', 'undefined', '1', '4', '2016-07-08 10:07:37');
INSERT INTO `parameter` VALUES ('80A98F98D7FE49F595EC59E6D0D08A6F', '716C76310D4546C5921124C8401AE3B3', '物理教材版本', 'physicsBookTypeCode', 'String', '32', '32', '0ed8cda6c7b743d789a3137724e09eaf', '', '0', '20', '2015-11-30 14:22:51');
INSERT INTO `parameter` VALUES ('8307CA1FFE054E3EBA04A576D8383AD6', '9D443B2FCA4F40E39981C4D8111C9A6D', '应用编号', 'productId', 'String', '32', '64', '32bdd1c5-8eef-4843-9a9a-228dc0f3b617', '必须保证是标准的JSON格式', '1', '1', '2016-03-21 14:10:28');
INSERT INTO `parameter` VALUES ('835B367541514851B198C7C6098F60CB', '965EDF63544B4804BE66F1D18518E877', '手机号码', 'phone', 'String', '11', '16', '13281004142', '必须保证是标准的JSON格式', '1', '3', '2016-03-17 10:25:15');
INSERT INTO `parameter` VALUES ('8372C79007104E3C8F55D18FDC57DF91', 'BC947BC033794438B4E338AA5BF0B797', '上下册Code', 'ctbCode', 'String', '1', '16', '69', '必须保证是标准的JSON格式', '1', '1', '2016-04-29 09:04:17');
INSERT INTO `parameter` VALUES ('83F7D0FBF1F84692965571AEB1A431C4', 'E3793B552185402EBAA7B37C164D6A08', '会话ID', 'sessionId', 'String', '32', '32', 'E20F8481F06B4B1EA7B2AA91E0154A4C', '', '1', '4', '2015-11-10 15:34:22');
INSERT INTO `parameter` VALUES ('84B53581E1C345E8BDDDD9C82719A817', 'F5DD7A04A3964D00AB3172FCDAB03CF3', '起始页码', 'cp', 'String', '1', '1', '0', '必须保证是标准的JSON格式', '1', '1', '2016-05-03 10:05:03');
INSERT INTO `parameter` VALUES ('85BF2D1015DA4A90B555F01E50E48D56', '7F564EFB242748939746C2315A668FF9', '最后一天的日期', 'date', 'String', '8', '16', '2015-11-30', '', '1', '2', '2015-11-30 16:53:13');
INSERT INTO `parameter` VALUES ('860117BD21F446D380F36818F654F2E4', '8066B6142C7D428D8B1329D152DF013E', '新密码', 'newPassword', 'String', '6', '16', '123123', '', '1', '3', '2015-12-09 16:34:04');
INSERT INTO `parameter` VALUES ('863FCDE58FDB4801AC28CA0F2551B208', '27482538BA2B4D2C90F7336510505A20', '标题', 'title', 'String', '1', '16', '亿家教', '必须保证是标准的JSON格式', '1', '7', '2016-03-29 10:02:50');
INSERT INTO `parameter` VALUES ('881004E9EAD04C54900FC8B63665019F', '716C76310D4546C5921124C8401AE3B3', '数学教材版本', 'mathBookTypeCode', 'String', '32', '32', '0ed8cda6c7b743d789a3137724e09eaf', '', '1', '10', '2015-11-30 13:46:39');
INSERT INTO `parameter` VALUES ('887130BEDAEF4015850FF6C7E6B72C94', '50DCDD2D161043A7A4AC94E7F2524203', '学段', 'phase', 'Integer', '1', '1', '3', '', '1', '2', '2015-11-30 09:38:50');
INSERT INTO `parameter` VALUES ('8ADEADCD67344EEFBECAED36387418CF', '716C76310D4546C5921124C8401AE3B3', '物理教材名称', 'physicsTypeName', 'String', '1', '32', '人教版', '', '0', '27', '2015-11-30 14:43:05');
INSERT INTO `parameter` VALUES ('8C0A5649FF4649B6A31DD71E86A2833C', 'F405F412D3DB4DDEB1BE24D1AC7C2DC7', '试卷编号', 'testCode', 'String', '1', '64', '8a2a7468544c359901545591c80a006a', '必须保证是标准的JSON格式', '1', '6', '2016-04-29 11:04:20');
INSERT INTO `parameter` VALUES ('8DCF4AC385C1412585D6B917BDC6BAAB', '79FE4387B35749EEAFEA69F1550712D8', '会话ID', 'sessionId', 'String', '32', '32', 'D2F1407E675143579A43A8E18EEDA3BE', '', '1', '1', '2015-12-03 09:39:05');
INSERT INTO `parameter` VALUES ('8E1EA1AE95BE4C20BD9D570ED502D234', null, '', '', 'String', '1', '1', '', 'undefined', '1', '3', '2016-07-08 10:07:34');
INSERT INTO `parameter` VALUES ('8F69BC9958F44CB1A07B8A854FA3E0FB', '77EC98F9230446EDAD57A0A96FBF2CA2', '本年的第几周', 'week', 'String', '1', '16', '0000-00', '', '1', '2', '2015-12-01 09:55:18');
INSERT INTO `parameter` VALUES ('90C8D496E4B0417B824E89C4A02E0A12', '939C2627FA604779927259D5AE43BDFA', '年级代码', 'gradeCode', 'String', '5', '5', '83e01', '', '1', '4', '2015-11-11 13:45:40');
INSERT INTO `parameter` VALUES ('91BC319BFE86414D9D42AB72B1DD6E89', '27482538BA2B4D2C90F7336510505A20', '用户编号', 'openId', 'String', '1', '1', 'd4ae37ce-24a8-4763-82b5-51b261a416c8', '必须保证是标准的JSON格式', '1', '1', '2016-03-21 13:36:16');
INSERT INTO `parameter` VALUES ('96007C38E03F49459AD06BA5C9FC6126', 'CD3ABF598EB84706B738AAC866B6DA2F', '试卷CODE', 'testCode', 'String', '1', '64', '55287EC4CDFB42EB9EE83DD2F2DC3B47', 'undefined', '1', '1', '2016-08-03 13:08:54');
INSERT INTO `parameter` VALUES ('96154E8734234688B11C05CD671561CD', 'F84FBF59B23943AEBB1DC24C5CC3696B', 'g', 'g', 'String', '1', '2', 'f', 'undefined', '1', '2', '2016-08-04 16:08:24');
INSERT INTO `parameter` VALUES ('967A0C65E0214D1EBD85CAF511B59488', 'A743D5D4D9FA4A359CFE34C52C8F9D9F', '插图', 'illustrationFile', 'File', '1', '1', '', '', '1', '5', '2015-11-13 09:23:00');
INSERT INTO `parameter` VALUES ('96A692BC67A24FD784BB5084A1BC7B26', null, '', '', 'String', '1', '1', '', 'undefined', '1', '4', '2016-07-08 10:07:37');
INSERT INTO `parameter` VALUES ('984110183FE5467C94D6CC140F6BCB91', '7804E28413444AA48C50D6F39706E4DD', '会话ID', 'sessionId', 'String', '1', '1', '64F460689B21456F9EAFF9DE5D7E5B0F', '', '1', '1', '2015-11-18 10:01:11');
INSERT INTO `parameter` VALUES ('988D6D1874664C2DB5A1EF7B21E7CBE0', '596059BC01754C96BE8BD95F71D38AE0', '难易度', 'start', 'Integer', '11', '11', '1', '', '1', '6', '2015-11-11 11:17:42');
INSERT INTO `parameter` VALUES ('9A6B7B26C4094AAAAE631599EABF999A', 'EA9078AD5B794A37BE9C74A22D3B6001', 'requestId', 'requestId', 'String', '1', '32', '6830396ce01a464ab3c97aec9300be0d', 'undefined', '1', '1', '2016-07-21 20:07:55');
INSERT INTO `parameter` VALUES ('9BCB49E4729D4410B61E9FD884277919', 'C1E8BE8AF9734B1AB00D7048251A559C', '新密码', 'password', 'String', '6', '18', 'test123456', 'undefined', '1', '2', '2016-07-19 18:07:46');
INSERT INTO `parameter` VALUES ('9DD60D1B421A41429C23590582F880E8', 'B91289B8F89F4CFE98AFFF0EA1B61C1B', '日期', 'date', 'String', '1', '16', '2012-12-05', '', '1', '13', '2015-12-07 10:35:38');
INSERT INTO `parameter` VALUES ('A04B25FFE5E6435285A5231AA3899495', null, 'url', 'url', 'String', '22', '22', 'http://123.56.141.214:38081/iwrong-service-v3/api/find/single-answer.json', '', '1', '1', '2015-11-07 14:53:59');
INSERT INTO `parameter` VALUES ('A1AC14EF3F624002AC49AEDFD3F69DA5', 'F405F412D3DB4DDEB1BE24D1AC7C2DC7', '商品描述', 'body', 'String', '1', '128', '诊断报告', '必须保证是标准的JSON格式', '1', '2', '2016-04-27 14:04:14');
INSERT INTO `parameter` VALUES ('A2780767622F406C884A9B9701F051BC', '7A09B9CA2CB041AFBD05BE5369CC1B0E', 'a', 'a', 'String', '1', '1', 'a', 'a', '1', '1', '2015-12-05 17:30:00');
INSERT INTO `parameter` VALUES ('A3840EA049E84A80B7449B2604756AB4', 'EB531E77211F4819ABBA795E7BEA8287', '回执状态', 'replyState', 'String', '1', '10', 'true 布尔类型', 'undefined', '1', '2', '2016-07-19 20:07:50');
INSERT INTO `parameter` VALUES ('A3C683508F6A413CA6C101BA647F64CF', '863FB49D65744256A85518E872D333CC', '客户端版本', 'versions', 'String', '1', '16', '1.0.1', '', '1', '1', '2015-12-15 17:07:17');
INSERT INTO `parameter` VALUES ('A48A598EAA7D4049BBD6C4D629EE9DFB', null, '', '', 'String', '1', '1', '', 'undefined', '1', '1', '2016-07-21 20:07:41');
INSERT INTO `parameter` VALUES ('A57F2BAD676A4F49ACEB989737A633BF', null, '学科代码', 'subjectId', 'String', '1', '32', '274ea', '', '1', '3', '2015-11-09 10:09:39');
INSERT INTO `parameter` VALUES ('A5E657EC5455462A8C6AF8745100A275', '16AB1249170F470781DB04E4BBA79C9F', '关卡序号', 'customsBarrier', 'Long', '32', '32', '1', '', '1', '3', '2015-11-30 10:29:37');
INSERT INTO `parameter` VALUES ('A8273157A92E4B4DB7860A75B5ACE175', '965EDF63544B4804BE66F1D18518E877', '请求编号', 'requestId', 'String', '32', '32', 'sdfsds2343546546ffsdfw', '必须保证是标准的JSON格式', '0', '5', '2016-03-17 10:26:38');
INSERT INTO `parameter` VALUES ('A8E26FB364A841F3A884A663843157B3', 'B91289B8F89F4CFE98AFFF0EA1B61C1B', '会话ID', 'sessionId', 'String', '32', '32', '3B44FB74A9764504B4B4FF0B27F6B62B', '', '1', '1', '2015-12-07 10:17:37');
INSERT INTO `parameter` VALUES ('AA30605BDB6C4735BD98B3912372FE83', '965EDF63544B4804BE66F1D18518E877', '应用密码', 'password', 'String', '32', '32', '47ec2dd791e31e2ef2076caf64ed9b3d ', 'undefined', '1', '1', '2017-01-18 13:01:51');
INSERT INTO `parameter` VALUES ('AA8E63498F72448C8EBDB886CCF6AA2B', 'F93753DF8C53487892D9192B2E728BA4', '类型', 'type', 'String', '1', '16', 'XIAO_XUE', 'undefined', '1', '1', '2016-05-23 13:05:41');
INSERT INTO `parameter` VALUES ('AADE040908E14919A10B439B13E9E10E', '6E577BD59A8746E184B9BF39E2CA1677', '版本类型', 'type', 'String', '1', '16', 'GAO_ZHONG', 'undefined', '1', '1', '2016-08-03 10:08:45');
INSERT INTO `parameter` VALUES ('AC5DA1E0B6514888BF1F989CC7F90A37', 'AF335E8F8C4949A685A3FA8F45881FAA', '感悟编号', 'inspirationId', 'Long', '1', '1', '1', '', '1', '2', '2015-11-17 13:28:13');
INSERT INTO `parameter` VALUES ('ACBF4D6159D3420EAB2C842E275685A0', 'C8364591E98E449E9DDE6D8292DF4BA3', '试题编号', 'testCode', 'String', '1', '64', '8a2a7468544c3599015455a4a4c800b3', '必须保证是标准的JSON格式', '1', '1', '2016-05-06 11:05:20');
INSERT INTO `parameter` VALUES ('B2ED3B857D544142BAFF28DDE24CE523', null, 'JSON格式的参数', 'jsonString', 'String', '1', '10000', '{“gradeCode”:”fdfaf”,”subjectCode”:”274ea”,”booktype”:”191bb9fb41a341df861d0d52f6035517”}', '必须保证是标准的JSON格式', '1', '1', '2015-11-18 10:19:30');
INSERT INTO `parameter` VALUES ('B4E23AB54FB54C25898059F9471DF59B', 'A743D5D4D9FA4A359CFE34C52C8F9D9F', '会话Id', 'sessionId', 'String', '32', '32', '896AC0D30E024D07BCC34A95DE7A16C6', '', '1', '1', '2015-11-13 09:19:48');
INSERT INTO `parameter` VALUES ('B5F2785F772F4C7B9857D8C16D54B75B', '2A599AAC6E94420B8D819D2C6D14DEB0', '挑战的高校编号', 'universityId', 'Integer', '1', '1', '1', '', '1', '2', '2015-11-24 15:01:07');
INSERT INTO `parameter` VALUES ('B69514C01AFC4179B73E93D31A65783D', '7F564EFB242748939746C2315A668FF9', '类型', 'type', 'String', '4', '4', 'HOME', '', '0', '4', '2015-12-04 14:26:45');
INSERT INTO `parameter` VALUES ('B6E424B478BB4B918765FD4698332D0E', '0178AED6425749199DEE285FB9D6A844', '用户code', 'userCode', 'String', '32', '32', 'c8be870fe0a64270b2ad7ae5bf7ad40a', 'undefined', '1', '1', '2016-08-31 11:08:26');
INSERT INTO `parameter` VALUES ('B88FF6CC140E4CB5AF588663EF11E905', 'B91289B8F89F4CFE98AFFF0EA1B61C1B', '生物代码', 'biologySubjectCode', 'String', '1', '6', '9c1e0', '', '0', '12', '2015-12-07 10:27:14');
INSERT INTO `parameter` VALUES ('B8EF9C883E28430D9A0A0339750C276C', '733E24FF765645FE8A225D8902CBB48B', '会话ID', 'sessionId', 'String', '32', '32', '4C9A3975D7AB419BABCB1FA23F371CF5', '', '1', '1', '2015-12-18 13:16:53');
INSERT INTO `parameter` VALUES ('B9971EAE50D34D1687B42B81BDACBA9F', '596059BC01754C96BE8BD95F71D38AE0', '年级代码', 'gradeCode', 'String', '5', '5', '83e01', '', '1', '4', '2015-11-11 11:16:15');
INSERT INTO `parameter` VALUES ('B9CCC10C333C45B9A1CF5841702DC6A2', '09D6592DF9DC43D096736A23F5EBDAD3', '试卷编号', 'testCode', 'String', '32', '64', '55287EC4CDFB42EB9EE83DD2F2DC3B44', 'undefined', '1', '2', '2016-07-21 09:07:37');
INSERT INTO `parameter` VALUES ('BB2A2EB5DD2448FAB34E4244C9F27EF2', '6549023E7887420EB14736CD95E76DD3', '用户编号', 'productId', 'String', '32', '64', '32bdd1c5-8eef-4843-9a9a-228dc0f3b617', '必须保证是标准的JSON格式', '1', '1', '2016-03-21 14:01:21');
INSERT INTO `parameter` VALUES ('BBC5985DD61F490E8697CC6A4B5477BA', '7F056A3482384022B22C10439EC9B369', '学段', 'phase', 'String', '11', '11', '1', '', '1', '1', '2015-11-09 15:24:09');
INSERT INTO `parameter` VALUES ('BCC450B7DDED43DB9428A35A4FF4C618', null, '年级代码', 'gradeId', 'String', '1', '32', '83e01', '', '1', '3', '2015-11-09 10:10:19');
INSERT INTO `parameter` VALUES ('BCF5FD611E1D42F29EEA6F067FD46383', '9F7EE10BB25E436DB144C20891A64D36', '管理员密码', 'password', 'String', '16', '64', 'e10adc3949ba59abbe56e057f20f883e', '必须保证是标准的JSON格式', '1', '2', '2016-03-21 09:19:55');
INSERT INTO `parameter` VALUES ('BD02A1ECF2164631A6DBE1A6BCDEEBC4', 'E637F5E7F8314572BB80CFE4552384A9', '电话号码', 'phoneNumber', 'String', '1', '11', '13681004142', '', '1', '1', '2015-12-08 11:47:41');
INSERT INTO `parameter` VALUES ('BD49D019F00940F5978E6DC4BBA7855A', '780011C87E914E4BA935DD41EEBD3710', '产品类型', 'productType', 'String', '3', '18', 'HaoXueSheng', 'undefined', '1', '6', '2016-07-19 14:07:46');
INSERT INTO `parameter` VALUES ('BD790E2EFF3D4F358F22F6B92B4563CE', '27482538BA2B4D2C90F7336510505A20', '类别', 'sendType', 'String', '1', '1', 'log', '必须保证是标准的JSON格式', '1', '1', '2016-03-21 13:37:34');
INSERT INTO `parameter` VALUES ('BE0072EB422645B4B0022136934F914A', null, 'userId', 'user_id', 'String', '32', '32', 'hsdlkjdlaksdjlaskjdskldjksdjfhkjsd', 'undefined', '1', '1', '2016-06-30 16:06:56');
INSERT INTO `parameter` VALUES ('BEB9BD7F6CEC4186B310453910E635B7', '09D6592DF9DC43D096736A23F5EBDAD3', '学段类型', 'type', 'String', '1', '16', 'GAO_ZHONG', 'undefined', '1', '3', '2016-07-21 09:07:11');
INSERT INTO `parameter` VALUES ('BFF18B57003A482D8918926A163F1F8E', null, '年级代码', 'gradeCode', 'String', '20', '20', '83e01', '', '1', '4', '2015-11-07 15:03:37');
INSERT INTO `parameter` VALUES ('C03D58B0392A4272A3C662E204B82FB0', '8A6270EC6105429E84B83E095C9DF141', '手机号码', 'phoneNumber', 'String', '11', '11', '13681004142', '', '1', '1', '2015-11-11 10:22:40');
INSERT INTO `parameter` VALUES ('C0410D4466AF450D97C22B998E2DCD7D', '716C76310D4546C5921124C8401AE3B3', '生物教材名称', 'biologyTypeName', 'String', '1', '32', '人教版', '', '0', '28', '2015-11-30 14:44:15');
INSERT INTO `parameter` VALUES ('C042590EC29B4F39A0AE5DB4035422E9', '405956C5213043B09F8DD558E57DB2CF', '设备标识', 'televisionCode', 'String', '1', '20', 'test23456', 'undefined', '0', '2', '2016-07-19 18:07:23');
INSERT INTO `parameter` VALUES ('C05226D5A13543C6AE3384A03A937F9E', 'C1E8BE8AF9734B1AB00D7048251A559C', '用户code', 'userCode', 'String', '1', '100', 'test123456', 'undefined', '1', '3', '2016-07-19 18:07:05');
INSERT INTO `parameter` VALUES ('C283CB802FAB4EE99F6DA487DF76DDEB', '716C76310D4546C5921124C8401AE3B3', '历史教材版本代码', 'historyBookTypeCode', 'String', '32', '32', '0ed8cda6c7b743d789a3137724e09eaf', '', '0', '14', '2015-11-30 13:52:44');
INSERT INTO `parameter` VALUES ('C401434F2EF743D3B7BFF5509C59D129', '9F7EE10BB25E436DB144C20891A64D36', '邮件地址', 'email', 'String', '8', '126', '592794139@qq.com', '必须保证是标准的JSON格式', '1', '3', '2016-03-21 09:20:46');
INSERT INTO `parameter` VALUES ('C460770B8CDE43A38CC6FB8E6FA0A7E7', '27482538BA2B4D2C90F7336510505A20', 'sercet', 'sercet', 'String', '1', '1', '163e261df7d83816273eacc6', '必须保证是标准的JSON格式', '1', '1', '2016-03-29 10:04:24');
INSERT INTO `parameter` VALUES ('C4685D15D9584D57B3545DF6A2249DF3', '6725D744DB1847B5BC341F5BBE6969B8', 'a', 'a', 'String', '1', '1', 'a', 'a', '1', '1', '2015-12-05 17:31:03');
INSERT INTO `parameter` VALUES ('C4F0B79983EC4DD885AC1E6DD9794821', '54852B51EF2A4D29A26D91A892F34D3D', '练习题编号', 'testCode', 'String', '1', '64', '4792374298347923742983', 'undefined', '1', '1', '2016-08-03 11:08:37');
INSERT INTO `parameter` VALUES ('C5096E5827F74C6087C688F46735253C', '939C2627FA604779927259D5AE43BDFA', '会话ID', 'sessionId', 'String', '32', '32', 'E20F8481F06B4B1EA7B2AA91E0154A4C', '', '1', '1', '2015-11-11 13:43:28');
INSERT INTO `parameter` VALUES ('C523692DD2D841EFABE779AD244CF19D', '09D6F3BF8D404293B375918C40E95A05', 'f', 'f', 'String', '1', '2', 'f', '必须保证是标准的JSON格式', '1', '1', '2015-12-30 11:52:34');
INSERT INTO `parameter` VALUES ('C5AB9BF1E74B439FAFDA5177D0782F16', 'D7A05F7235AC45CFB17F154B00879B27', '关卡序号', 'customsBarrier', 'Integer', '1', '1', '1', '', '1', '3', '2015-11-23 15:04:44');
INSERT INTO `parameter` VALUES ('C5D7002BF1BA41DDB154B21EBB855BFF', '716C76310D4546C5921124C8401AE3B3', '昵称', 'nickName', 'String', '1', '16', '哈哈', '', '1', '2', '2015-11-30 13:12:09');
INSERT INTO `parameter` VALUES ('C6036EF7F83A496EA2F8535F7A2718EE', 'ADF64C4D8C4D464C9BF2680B5087FC8E', 'JSON格式的参数', 'jsonString', 'String', '1', '10000', '{  \"sessionId\": \"55287EC4CDFB42EB9EE83DD2F2DC3B44\",  \"currencyNumber\":\"100\",\"exercises\": [{\"exercisesId\":\"3f3f3b5a92db4d1ea7467d1750a3d698\",\"subjectId\":\"274ea\",\"gradeId\":\"83e01\",\"isRight\":\"1\"},{\"exercisesId\":\"266ce8b224f740f698f5db2ae5e15b68\",\"subjectId\":\"274ea\",\"gradeId\":\"83e01\",\"isRight\":\"1\"},{\"exercisesId\":\"9596acbff9434160a38f39e951a59b79\",\"subjectId\":\"274ea\",\"gradeId\":\"83e01\",\"isRight\":\"1\"}]}', '必须保证是标准的JSON格式', '1', '1', '2015-11-07 18:04:14');
INSERT INTO `parameter` VALUES ('C60C7A3177C5461CBAE9F6F55FF69719', null, '当前页', 'pageNumber', 'String', '5', '5', '1', '', '1', '1', '2015-11-07 15:01:12');
INSERT INTO `parameter` VALUES ('C645A9B14A994ABC933F39EAA82CB734', '5635376B0DDF43839C976A945863D356', '学段', 'phase', 'Integer', '11', '11', '1', '', '1', '1', '2015-11-09 14:57:03');
INSERT INTO `parameter` VALUES ('C6AE499A10644E57BE1B260C80DA28A6', '032FF75F7D574B10B32FAD8DE62D619B', '试卷编号', 'testCode', 'String', '1', '64', '55287EC4CDFB42EB9EE83DD2F2DC3B44', '必须保证是标准的JSON格式', '1', '1', '2016-04-22 13:04:19');
INSERT INTO `parameter` VALUES ('C76A80212A814A43A6E136D20EEF1ECB', '780011C87E914E4BA935DD41EEBD3710', '注册渠道', 'channelSource', 'String', '3', '6', '000', 'undefined', '1', '4', '2016-07-19 14:07:58');
INSERT INTO `parameter` VALUES ('C951CEF6B9E74AEB833C79DF665A604E', '716C76310D4546C5921124C8401AE3B3', '政治科代码', 'politicsSubjectCode', 'String', '1', '16', '', '', '0', '17', '2015-11-30 13:55:55');
INSERT INTO `parameter` VALUES ('C99FA30DD416437EAFB6A825E6032E02', '276B85014DCA4347B5C3854862CFEA5A', '手机号码', 'phoneNumber', 'String', '11', '11', '13681004142', '', '1', '1', '2015-11-11 10:33:22');
INSERT INTO `parameter` VALUES ('CAF00FCB19F943F0B44BF4DC26D940B5', '68CAF36B1DDD4641BDE2977831D48271', '会话ID', 'sessionId', 'String', '32', '32', 'D2F1407E675143579A43A8E18EEDA3BE', '', '1', '1', '2015-12-02 13:59:00');
INSERT INTO `parameter` VALUES ('CBE33A32D2B54786968B11535D81F74C', '12733182B9164CAFA0A07AB202E96BA7', '练习记录编号', 'answerRecordId', 'Long', '11', '11', '21', '', '1', '2', '2015-11-11 11:49:17');
INSERT INTO `parameter` VALUES ('CC2892D4326743A5A76BCF1C5B411C15', '27482538BA2B4D2C90F7336510505A20', '推送对象标识类型', 'type', 'String', '1', '16', 'TAG', '必须保证是标准的JSON格式', '1', '8', '2016-03-29 10:03:58');
INSERT INTO `parameter` VALUES ('CCCE56DE4B714535B36FF062DA8F4E36', '340372AF5B2D49659E257FC55D3FB0C7', '文件', 'file', 'File', '1', '1', '', '', '1', '2', '2015-11-10 10:19:55');
INSERT INTO `parameter` VALUES ('CCE2424A73524EB0A5DB71F4A833D769', 'CBC118FCD9A24234A8B7E00371D047C5', '会话ID', 'sessionId', 'String', '32', '32', '896AC0D30E024D07BCC34A95DE7A16C6', '', '1', '2', '2015-11-13 09:16:38');
INSERT INTO `parameter` VALUES ('CCFD788B72D9439CA55DC6B60055CB5E', '716C76310D4546C5921124C8401AE3B3', '英语教材版本代码', 'englishBookTypeCode', 'String', '1', '1', '0ed8cda6c7b743d789a3137724e09eaf', '', '1', '12', '2015-11-30 13:48:19');
INSERT INTO `parameter` VALUES ('CD2F50B9987F4255ADCC53C276C6B931', 'F59CBAF03D664B768E5952AF16446E21', '用户名', 'userName', 'String', '6', '16', 'hechen', '必须保证是标准的JSON格式', '1', '1', '2016-01-25 09:22:27');
INSERT INTO `parameter` VALUES ('CD3ACD9AF45140E0AADB04A622C874EC', '50891CF5DADC4C07B63214E2B1E25F33', '年级代码', 'gradeCode', 'String', '5', '5', '83e01', '', '1', '1', '2015-11-11 11:01:02');
INSERT INTO `parameter` VALUES ('CD88EBECDF874DE0A70B0429CE51350B', '6205A4EC8D8945739693FBED1C20C1D2', '学科代码', 'subjectCode', 'String', '5', '5', 'a7ecc', '', '1', '1', '2015-11-11 10:53:21');
INSERT INTO `parameter` VALUES ('CE135CDA2380464B8D2F22A31518722A', 'F5DD7A04A3964D00AB3172FCDAB03CF3', '年级编号', 'gradeCode', 'String', '1', '16', '56e93', '必须保证是标准的JSON格式', '1', '1', '2016-05-06 11:05:24');
INSERT INTO `parameter` VALUES ('CEBB9D0C731D4411925DA40EE3034DCD', null, '要删除的ID', 'ids', 'String', '1', '1', '312', 'undefined', '1', '1', '2016-07-08 10:07:13');
INSERT INTO `parameter` VALUES ('D044ADBB9010498CAE54BF573360A95C', '5127645D562A4E93951C815E59EDA32D', '内容', 'ticklingContent', 'String', '10', '100', '这个问题很严重 得马上解决 快快 !', '', '1', '1', '2015-12-14 15:32:36');
INSERT INTO `parameter` VALUES ('D254E3D021964253A8CE330FCC9EF3A3', '978C62DABEFE4EF5B8E62A35F54D18BB', '密码', 'password', 'String', '6', '16', '000000', '中间不能存在空格', '1', '2', '2015-11-06 18:00:31');
INSERT INTO `parameter` VALUES ('D2C6BF18FEC54E3A8DE37994BCAF84BA', '50891CF5DADC4C07B63214E2B1E25F33', '学科代码', 'subjectCode', 'String', '5', '5', '274ea', '', '1', '2', '2015-11-11 11:01:29');
INSERT INTO `parameter` VALUES ('D3514A20944549B1B775364CBADE5FE3', 'F5DD7A04A3964D00AB3172FCDAB03CF3', '每页数量', 'pageSize', 'Integer', '1', '1', '10', '必须保证是标准的JSON格式', '1', '7', '2016-04-29 10:04:45');
INSERT INTO `parameter` VALUES ('D42F48AF87C44289BBE18D6F807D34AA', 'F5DD7A04A3964D00AB3172FCDAB03CF3', '教材版本编号', 'booktype', 'String', '1', '64', '958e8dabd3d64834b608aa90e5cc2cfd', '必须保证是标准的JSON格式', '1', '1', '2016-05-06 11:05:33');
INSERT INTO `parameter` VALUES ('D43C20EAFFE04BF3809B609FE159C545', '716C76310D4546C5921124C8401AE3B3', '化学科代码', 'chemistrySubjectCode', 'String', '1', '16', 'a7ecc', '', '0', '21', '2015-11-30 14:23:48');
INSERT INTO `parameter` VALUES ('D4BC73D361A54A84A41FD4990A15C90B', '314CBECB6B95463BB64E151700FA4F90', '用户唯一编号', 'userUniqueId', 'String', '1', '64', '13681004142', '必须保证是标准的JSON格式', '1', '3', '2016-04-20 15:04:36');
INSERT INTO `parameter` VALUES ('D55BCF141995407C830647E8BE41AE3C', '780011C87E914E4BA935DD41EEBD3710', '手机号', 'mobile', 'String', '11', '13', '13311456789', 'undefined', '1', '1', '2016-07-19 14:07:17');
INSERT INTO `parameter` VALUES ('D68066E37C374CE6861AB1FFC775E4DA', '965EDF63544B4804BE66F1D18518E877', '应用编号', 'openId', 'String', '1', '32', 'e34d4163-d319-4cc5-93dc-554fba8da573', 'undefined', '1', '1', '2017-01-18 13:01:13');
INSERT INTO `parameter` VALUES ('D6CFDE95909845DEB5EC16537C2F9910', 'BDFC3407E76A4D79A8529EA9EB56CD58', '会话Id', 'sessionId', 'String', '32', '32', '3B44FB74A9764504B4B4FF0B27F6B62B', '', '1', '1', '2015-12-07 11:07:06');
INSERT INTO `parameter` VALUES ('D7F10EBBAC48427DA558482DA56C2FFF', '716C76310D4546C5921124C8401AE3B3', '文理科类型', 'artsScienceType', 'String', '1', '8', 'SCIENCE', '', '1', '3', '2015-11-30 13:29:32');
INSERT INTO `parameter` VALUES ('D8FE38A11C414077A50D3FA4F5A65D4D', '340372AF5B2D49659E257FC55D3FB0C7', '会话ID', 'sessionId', 'String', '32', '32', 'E20F8481F06B4B1EA7B2AA91E0154A4C', '', '1', '1', '2015-11-10 10:13:43');
INSERT INTO `parameter` VALUES ('DADA297223D94A4089A2B0FD1018A5D3', '965EDF63544B4804BE66F1D18518E877', '短信类型', 'sendType', 'String', '1', '32', 'reset_password', '必须保证是标准的JSON格式', '1', '4', '2016-03-17 10:25:58');
INSERT INTO `parameter` VALUES ('DAFEED86CD9A4A2386A87A1A9DC4B6D4', '9F7EE10BB25E436DB144C20891A64D36', '邮件正文', 'body', 'String', '1', '1024', '你好!', '必须保证是标准的JSON格式', '1', '5', '2016-03-21 09:22:00');
INSERT INTO `parameter` VALUES ('DF21BD4BED024A688CF1BE98DAED0E18', '43D35B67CA9748329EDDEE20F4A9B158', '会话ID', 'sessionId', 'String', '32', '32', '006FF0209FF34C1C9803A21874CC131D', '', '1', '1', '2015-12-02 10:08:11');
INSERT INTO `parameter` VALUES ('DF62EC17EA6E4F5FAFAD62A63BB571C0', '716C76310D4546C5921124C8401AE3B3', '生物科代码', 'biologySubjectCode', 'String', '1', '16', '9c1e0', '', '0', '23', '2015-11-30 14:24:54');
INSERT INTO `parameter` VALUES ('DFCC8B1662284D2EAAD6A3501E0A8457', '596059BC01754C96BE8BD95F71D38AE0', '学科代码', 'subjectCode', 'String', '5', '5', '274ea ', '', '1', '3', '2015-11-11 11:15:43');
INSERT INTO `parameter` VALUES ('E03F304351704DA9918420C77CB1B868', 'D7A05F7235AC45CFB17F154B00879B27', '教材编号', 'booktype', 'String', '32', '32', 'f0feb18fb79847e59b12b3797be7ce66', '', '1', '2', '2015-11-23 15:04:13');
INSERT INTO `parameter` VALUES ('E06F4C2E86C743D2A75D8D2BCD7D40A6', null, 'username', 'username', 'String', '1', '1', '1', '1', '1', '1', '2015-11-06 09:01:31');
INSERT INTO `parameter` VALUES ('E1DDE5BA8DC2471F93D12664BA2C5062', '800E69B62466412782E2B0E92D5B3161', '会话ID', 'sessionId', 'String', '32', '32', '64F460689B21456F9EAFF9DE5D7E5B0F', '', '1', '1', '2015-11-18 10:08:25');
INSERT INTO `parameter` VALUES ('E2DF4BCC19DB4C8CB54AB8455EEF2DD2', null, 'JSON格式的参数', 'jsonString', 'String', '1', '10000', '{  \"binary\": false,  \"floatingPointNumber\": false,  \"missingNode\": false,  \"object\": false,  \"pojo\": false,  \"number\": false,  \"integralNumber\": false,  \"short\": false,  \"int\": false,  \"long\": false,  \"double\": false,  \"bigDecimal\": false,  \"bigInteger\": false,  \"textual\": false,  \"boolean\": false,  \"valueNode\": false,  \"containerNode\": false,  \"nodeType\": \"JsonNodeType\",  \"float\": false,  \"null\": false,  \"array\": false}', '必须保证是标准的JSON格式', '1', '1', '2015-11-07 17:14:54');
INSERT INTO `parameter` VALUES ('E3051983B309483E8660CAD82D6A262B', null, '用户编号', 'userId', 'String', '32', '32', '123234345345345342323123232', 'undefined', '1', '1', '2016-08-04 09:08:37');
INSERT INTO `parameter` VALUES ('E32F963B9BBD4ADA91037D6C9A9567F4', 'B91289B8F89F4CFE98AFFF0EA1B61C1B', '类型', 'type', 'String', '1', '8', 'DAY', '', '1', '2', '2015-12-07 10:18:53');
INSERT INTO `parameter` VALUES ('E3B4DBC8588843189FA9C133A080BB8F', '716C76310D4546C5921124C8401AE3B3', '英语科代码', 'englishSubjectCode', 'String', '1', '16', 'be6c8', '', '1', '11', '2015-11-30 13:47:42');
INSERT INTO `parameter` VALUES ('E3E4AA4F583747FA8DF7E4CBA0342D87', '92CF6445FB4D449D9889919A8C63A0B9', '会话ID', 'sessionId', 'String', '1', '32', '896AC0D30E024D07BCC34A95DE7A16C6', '', '1', '1', '2015-11-13 11:12:04');
INSERT INTO `parameter` VALUES ('E436E95EA3E6456CBA89D4832C09AEE1', 'AD8C9A02C1524E5D872ACED339B2E73C', '会话ID', 'sessionId', 'String', '32', '32', '006FF0209FF34C1C9803A21874CC131D', '', '1', '1', '2015-12-02 10:14:31');
INSERT INTO `parameter` VALUES ('E50B3E5EBCB54569A853E491B85710F9', null, 'f', 'f', 'String', '1', '2', 'f', 'undefined', '1', '1', '2016-08-04 09:08:28');
INSERT INTO `parameter` VALUES ('E56AB4B31E5D47298613215424A5179D', '91627DC8CF304C8EAE4C5B7E115907CE', '内部订单号', 'outTradeNo', 'String', '32', '64', '20160428165133000002', 'undefined', '1', '2', '2016-04-29 13:04:14');
INSERT INTO `parameter` VALUES ('E5B72E63008241A98B88F362C5610C17', 'BD50776D9D534189A3DCEABF1470D001', '类型', 'type', 'String', '1', '32', 'today', '必须保证是标准的JSON格式', '1', '2', '2016-03-21 11:39:20');
INSERT INTO `parameter` VALUES ('E5E4815F78544B228BEEF3B63BD52A8E', '7F564EFB242748939746C2315A668FF9', '会话ID', 'sessionId', 'String', '32', '32', '006FF0209FF34C1C9803A21874CC131D', '', '1', '1', '2015-11-30 16:51:36');
INSERT INTO `parameter` VALUES ('E6C4A0DDBDD043B192D5D0DA154D2D6F', '939C2627FA604779927259D5AE43BDFA', '学科代码', 'subjectCode', 'String', '5', '5', '274ea', '', '1', '3', '2015-11-11 13:44:54');
INSERT INTO `parameter` VALUES ('EB0BF8C027C144AEA1EC71F0B8674908', null, 'f', 'f', 'String', '1', '1', 'f', '必须保证是标准的JSON格式', '1', '1', '2016-03-23 16:58:28');
INSERT INTO `parameter` VALUES ('ED2D131CD608406F8D24AB255B28FB57', '716C76310D4546C5921124C8401AE3B3', '会话ID', 'sessionId', 'String', '32', '32', '006FF0209FF34C1C9803A21874CC131D', '', '1', '1', '2015-11-30 13:07:45');
INSERT INTO `parameter` VALUES ('EE44CE08D8284BA7BE8C9C587566D700', null, 'userName', 'userName', 'String', '1', '32', 'fsdfsdfsdfsdfsdfs', '', '1', '1', '2015-12-18 11:48:40');
INSERT INTO `parameter` VALUES ('EED1B71155634EF28FF5C25BE71ACDFD', 'B8A72F765D6D4A8DAC3EDDEF7CEB2468', '会话ID', 'sessionId', 'String', '1', '32', 'AC9182B7D4E8462EB7D6CFC00C62EF3A', '', '1', '1', '2015-11-26 15:21:08');
INSERT INTO `parameter` VALUES ('EEEFF891834544BEA49D08307A8E9056', 'F5DD7A04A3964D00AB3172FCDAB03CF3', '单元编号', 'volume', 'String', '1', '16', '6774', '必须保证是标准的JSON格式', '1', '1', '2016-05-06 11:05:40');
INSERT INTO `parameter` VALUES ('F089CADE1FBF46F4B39814507E6A072D', 'F5DD7A04A3964D00AB3172FCDAB03CF3', '学科编号', 'subjectCode', 'String', '1', '16', '274ea', '必须保证是标准的JSON格式', '1', '1', '2016-04-29 10:04:34');
INSERT INTO `parameter` VALUES ('F0CAE82E802D4C24B8045A35390C6AE7', 'A8E443E99CE14CE1A54DBA4F9A5454DC', '应用编号', 'productId', 'String', '1', '1', '32bdd1c5-8eef-4843-9a9a-228dc0f3b617', '必须保证是标准的JSON格式', '1', '1', '2016-03-21 09:55:34');
INSERT INTO `parameter` VALUES ('F18FE5611F994643B5B71881A5804780', 'ACC02C913EC447D481F375C1CB40F99A', '会话ID', 'sessionId', 'String', '1', '32', '64F460689B21456F9EAFF9DE5D7E5B0F', '', '1', '1', '2015-11-17 11:03:41');
INSERT INTO `parameter` VALUES ('F2D898E49BE740EC945FA743DB7A8440', '5127645D562A4E93951C815E59EDA32D', '用户邮箱', 'userEmail', 'String', '6', '32', '592794139@qq.com', '', '1', '3', '2015-12-14 15:31:55');
INSERT INTO `parameter` VALUES ('F2FBC02986854A0D98DE98EDACFFA936', 'B91289B8F89F4CFE98AFFF0EA1B61C1B', '数学科代码', 'mathSubjectCode', 'String', '1', '6', '274ea', '', '0', '5', '2015-12-07 10:22:09');
INSERT INTO `parameter` VALUES ('F4EA68F6B9DC497C834C0EFB23A675FA', '716C76310D4546C5921124C8401AE3B3', '历史教材名称', 'historyTypeName', 'String', '1', '32', '人教版', '', '0', '26', '2015-11-30 14:37:55');
INSERT INTO `parameter` VALUES ('F555E3C50E844427A0068741C429F7F8', 'E3793B552185402EBAA7B37C164D6A08', '插图', 'illustrationFile', 'File', '1', '1', '1', '', '1', '3', '2015-11-10 15:10:04');
INSERT INTO `parameter` VALUES ('F5895315EF5548C9B34E11A8D7E450DC', null, '每页大小', 'pageSize', 'Integer', '3', '3', '5', '', '1', '1', '2015-11-07 15:02:03');
INSERT INTO `parameter` VALUES ('F59603B711AC4D469214B7B59E9D22BC', null, '知识点代码', 'knowledgeCode', 'String', '32', '32', '5febd7fa6ad04104ac5e743f98eae770', '', '1', '5', '2015-11-07 15:04:23');
INSERT INTO `parameter` VALUES ('F5FFCF620BBC4126B35BC8A720A65007', '863FB49D65744256A85518E872D333CC', '客户端类型', 'type', 'String', '1', '1', 'IOS', '', '1', '2', '2015-12-15 17:07:48');
INSERT INTO `parameter` VALUES ('F6EC78A7BCA647EA9A87752455066E59', '16AB1249170F470781DB04E4BBA79C9F', '会话ID', 'sessionId', 'String', '32', '32', '006FF0209FF34C1C9803A21874CC131D', '', '1', '1', '2015-11-30 10:28:03');
INSERT INTO `parameter` VALUES ('F7C38B000AEF46A3A754FB3F2BFB4946', '06C5E1116C1042B6B8EB104BEA9260D5', '关键字', 'keyWord', 'String', '1', '16', '北京大学', '', '1', '1', '2015-11-16 09:40:56');
INSERT INTO `parameter` VALUES ('F8668997103C43B2BBD5B151852C4D6C', '3CCEADFD0AF445C8BF68FD3D5DA100C6', '省直辖市编号', 'provinceId', 'Integer', '1', '1', '1', '', '1', '1', '2015-11-16 09:18:49');
INSERT INTO `parameter` VALUES ('FCF0823F658D4460B42AB4DD7797D91D', 'B91289B8F89F4CFE98AFFF0EA1B61C1B', '物理代码', 'physicsSubjectCode', 'String', '1', '1', '2e426', '', '0', '1', '2015-12-07 10:48:02');
INSERT INTO `parameter` VALUES ('FCFCB10DD7AA42BF8A829EE6342CC80A', '716C76310D4546C5921124C8401AE3B3', '政治教材版本代码', 'politicsBookTypeCode', 'String', '32', '32', '0ed8cda6c7b743d789a3137724e09eaf', '', '0', '18', '2015-11-30 13:56:39');
INSERT INTO `parameter` VALUES ('FD269FD7D8BD4850B656190EE7B46CB4', 'CD3ABF598EB84706B738AAC866B6DA2F', '产生式', 'produces', 'String', '1', '1', '[]', 'undefined', '1', '5', '2016-08-03 13:08:03');
INSERT INTO `parameter` VALUES ('FF25A2AC323142AE9969D0510A4603C5', 'AF335E8F8C4949A685A3FA8F45881FAA', '会话ID', 'sessionId', 'String', '32', '32', '64F460689B21456F9EAFF9DE5D7E5B0F', '', '1', '1', '2015-11-17 13:27:44');
INSERT INTO `parameter` VALUES ('FF40DBDCE86242D9B778F61143FB02F1', 'A743D5D4D9FA4A359CFE34C52C8F9D9F', '感悟内容', 'content', 'String', '1', '100', '减肥还是看使得开发商结婚老师的看法和了似的咖啡碱老师的课了独守空房', '', '1', '3', '2015-11-13 09:21:08');
INSERT INTO `parameter` VALUES ('FF4CE6E1EFD644D6BC75C8734ADE5873', 'F405F412D3DB4DDEB1BE24D1AC7C2DC7', '用户唯一标识', 'userUniqueId', 'String', '1', '64', '13681004142', '必须保证是标准的JSON格式', '1', '5', '2016-04-27 15:04:02');

-- ----------------------------
-- Table structure for parameter_constraint
-- ----------------------------
DROP TABLE IF EXISTS `parameter_constraint`;
CREATE TABLE `parameter_constraint` (
  `PARAMETER_CONSTRAINT_ID` varchar(32) NOT NULL COMMENT '约束编号',
  `PARAMETER_ID` varchar(32) DEFAULT NULL COMMENT '参数_编号',
  `PARAMETER_CONSTRAINT_NAME` varchar(32) DEFAULT NULL COMMENT '约束名称',
  `PARAMETER_CONSTRAINT_CODE` varchar(32) DEFAULT NULL COMMENT '约束代码',
  `PARAMETER_CONSTRAINT_EXPLAIN` varchar(64) DEFAULT NULL COMMENT '约束说明',
  `CREAT_DATE` datetime DEFAULT NULL COMMENT '创建时间',
  `WEIGHT` int(11) DEFAULT NULL COMMENT '权重',
  PRIMARY KEY (`PARAMETER_CONSTRAINT_ID`),
  KEY `FK_PARAMETER_CONSTRAINT__PARAMETER` (`PARAMETER_ID`),
  CONSTRAINT `FK_PARAMETER_CONSTRAINT__PARAMETER` FOREIGN KEY (`PARAMETER_ID`) REFERENCES `parameter` (`PARAMETER_ID`) ON DELETE SET NULL ON UPDATE SET NULL
) ENGINE=InnoDB DEFAULT CHARSET=utf8 COMMENT='参数_参数约束';

-- ----------------------------
-- Records of parameter_constraint
-- ----------------------------
INSERT INTO `parameter_constraint` VALUES ('02B2028683B14FCEAA5025DF62F2D235', '96154E8734234688B11C05CD671561CD', null, 'f', 'f', null, null);
INSERT INTO `parameter_constraint` VALUES ('05F19C9D7E52449A823B76313579600E', '44D7DEB28C4549F0A70977912E8F68D9', null, '0', '文科', null, null);
INSERT INTO `parameter_constraint` VALUES ('08350E609B604617A570139798CC2F25', 'DADA297223D94A4089A2B0FD1018A5D3', null, 'edit_password', '修改密码', null, null);
INSERT INTO `parameter_constraint` VALUES ('0E3909CCDAF944B1B81B6086F45F6985', 'C645A9B14A994ABC933F39EAA82CB734', null, '1', '小学', null, '2');
INSERT INTO `parameter_constraint` VALUES ('0F2A9A61602C44B2A1DEB81B72642E8F', '599CE61886E34F44AE8EFACDF90B3FB1', null, 'GAO_ZHONG', '高中版', null, null);
INSERT INTO `parameter_constraint` VALUES ('141A2FACCA9040009183DCD50A25A9DC', '70DCA0C42D464A1D9BA9646B37D9DF0B', null, '期中考试', '', null, null);
INSERT INTO `parameter_constraint` VALUES ('16CBEA7552554019B054E02CC7EE85E0', 'E32F963B9BBD4ADA91037D6C9A9567F4', null, 'WEEK', '周', null, '2');
INSERT INTO `parameter_constraint` VALUES ('1C405D29F52B422496583533935AC623', 'DADA297223D94A4089A2B0FD1018A5D3', null, 'shortExam', '保分计划', null, null);
INSERT INTO `parameter_constraint` VALUES ('1F25459E85E24E128DF6ED24435214F3', '357DCF9736764CEB92C2F8E3443F8B85', null, '1', '1', null, null);
INSERT INTO `parameter_constraint` VALUES ('2597EA935FF345399A8425AEA1B0E9D8', '5CF9478F365148C481AE707D6E027113', null, 'friend_challenge', '好友挑战', null, null);
INSERT INTO `parameter_constraint` VALUES ('2641A007458248A9B0BBA13D08671C01', 'AADE040908E14919A10B439B13E9E10E', null, 'GAO_ZHONG', '高中版', null, null);
INSERT INTO `parameter_constraint` VALUES ('2D77AC4898D547C9A3574421D923C0F2', '6E1F34F459A54798AE668665A63E5E34', null, '3', '高中', null, '4');
INSERT INTO `parameter_constraint` VALUES ('2EA87A07A69A4761BDA5AF890E2E4561', '6E1F34F459A54798AE668665A63E5E34', null, '1', '小学', null, '2');
INSERT INTO `parameter_constraint` VALUES ('307A069A044647489D2F1701FD10A12F', 'BBC5985DD61F490E8697CC6A4B5477BA', null, '2', '初中', null, '3');
INSERT INTO `parameter_constraint` VALUES ('30B9E2CAC0594B2B8190199E893B970D', '96154E8734234688B11C05CD671561CD', null, 'g', 'g', null, null);
INSERT INTO `parameter_constraint` VALUES ('31645AD588714271A5FF409C75FCE92F', 'BBC5985DD61F490E8697CC6A4B5477BA', null, '0', '幼儿园', null, '1');
INSERT INTO `parameter_constraint` VALUES ('39808F84DCE7420D9329E8C3DB2F9245', 'AADE040908E14919A10B439B13E9E10E', null, 'CHU_ZHONG', '初中版', null, null);
INSERT INTO `parameter_constraint` VALUES ('3FE1B9ED17534D16B0F8E0F5B2E5720F', null, null, '单元测试', '', null, null);
INSERT INTO `parameter_constraint` VALUES ('40EEAD3487A947CA8AE1DBAD5C49C6B2', null, null, 'CHU_ZHONG', '初中版', null, null);
INSERT INTO `parameter_constraint` VALUES ('45BF25457ED54E53A93170EB11AB7ABB', null, null, '期末试卷', '', null, null);
INSERT INTO `parameter_constraint` VALUES ('46400953F65B4BF88F07ACB2EA2B3817', '5CF9478F365148C481AE707D6E027113', null, 'search', '手机号/用户名搜索', null, null);
INSERT INTO `parameter_constraint` VALUES ('48D600AC5E204F749533096EA64FFB7F', '6F51A68F27F54C0DB6D926237D0487BC', null, '0', '错误', null, '2');
INSERT INTO `parameter_constraint` VALUES ('4AE50C240BBF4AD08F451700D0AF03A7', 'C645A9B14A994ABC933F39EAA82CB734', null, '3', '高中', null, '4');
INSERT INTO `parameter_constraint` VALUES ('4B4E3117FD5540E5933AEDFE3EF634A5', '6E1F34F459A54798AE668665A63E5E34', null, '0', '幼儿园', null, '1');
INSERT INTO `parameter_constraint` VALUES ('4C4E6908204641F6B4637F0FA1219D32', '988D6D1874664C2DB5A1EF7B21E7CBE0', null, '3', '难', null, '3');
INSERT INTO `parameter_constraint` VALUES ('58ED2DCDA5A94B0791FC37231FB6DD97', null, null, '期中测试', '', null, null);
INSERT INTO `parameter_constraint` VALUES ('5DA85FCD07244DC0B64CC2E9EC685309', '451D3386201E4CC69E9E161B23C325F0', null, 'GAO_ZHONG', '', null, null);
INSERT INTO `parameter_constraint` VALUES ('5DDFD3E7D61F4FCCA6672F36DA459889', 'DADA297223D94A4089A2B0FD1018A5D3', null, 'comcode', '通用验证码', null, null);
INSERT INTO `parameter_constraint` VALUES ('5E8CD922152546C1928E33377D972373', 'E5B72E63008241A98B88F362C5610C17', null, 'day3', '近3天', null, null);
INSERT INTO `parameter_constraint` VALUES ('5EB90F2373EB4472AAC819D4D0122EE6', null, null, 'GAO_ZHONG', '高中版', null, null);
INSERT INTO `parameter_constraint` VALUES ('5F31DED11BAB45DB9F96DB68BEA22DEF', 'BBC5985DD61F490E8697CC6A4B5477BA', null, '3', '高中', null, '4');
INSERT INTO `parameter_constraint` VALUES ('5F3B327F2AE54C74BBF802CF2954E248', null, null, '1', '1', null, '1');
INSERT INTO `parameter_constraint` VALUES ('5FD70EFC658D48478A56C4ACB8E42B2F', 'BE0072EB422645B4B0022136934F914A', null, 'ADMIN', 'LB', null, null);
INSERT INTO `parameter_constraint` VALUES ('64580DDC494847BD93685704728BC7D5', '6F51A68F27F54C0DB6D926237D0487BC', null, '2', '未选', null, '3');
INSERT INTO `parameter_constraint` VALUES ('68D28785DA464A50BDD05D587A64274D', 'C645A9B14A994ABC933F39EAA82CB734', null, '0', '幼儿园', null, '1');
INSERT INTO `parameter_constraint` VALUES ('69185A6CBA974B9388BE41DD56B1957F', 'BEB9BD7F6CEC4186B310453910E635B7', null, 'CHU_ZHONG', '初中版', null, null);
INSERT INTO `parameter_constraint` VALUES ('6ABE02831F234DE98CCD646FACF2A14F', 'AA8E63498F72448C8EBDB886CCF6AA2B', null, 'GAO_ZHONG', '', null, null);
INSERT INTO `parameter_constraint` VALUES ('6EC59D1EE937493BAF4EDA9720F961FB', 'E5B72E63008241A98B88F362C5610C17', null, 'day7', '近7天', null, null);
INSERT INTO `parameter_constraint` VALUES ('7349BB1FBA854488AFBBE524395791B8', '6E1F34F459A54798AE668665A63E5E34', null, '2', '初中', null, '3');
INSERT INTO `parameter_constraint` VALUES ('766B24B0CE2740D7AD6CBF05ED68A966', 'F5FFCF620BBC4126B35BC8A720A65007', null, 'IOS', '苹果系统', null, '1');
INSERT INTO `parameter_constraint` VALUES ('76AD4E8D974C423C80DA60DC69C5DFC4', '70DCA0C42D464A1D9BA9646B37D9DF0B', null, '期末考试', '', null, null);
INSERT INTO `parameter_constraint` VALUES ('7918A8DBD6A740AB954AC48E0290EEF8', 'F5FFCF620BBC4126B35BC8A720A65007', null, 'ANDROID', '安装系统', null, '2');
INSERT INTO `parameter_constraint` VALUES ('7A424E23584146209EFA7EDFEB22B396', null, null, 'XIAO_XUE', '小学版', null, null);
INSERT INTO `parameter_constraint` VALUES ('7B4AD2415EB9493BAD6A32C07C567116', '6B496D442A3C48358D47C05F0B33DEE2', null, '1', '1', null, '1');
INSERT INTO `parameter_constraint` VALUES ('7BB917C0E3A947759A54F9F6226CE4E5', 'DADA297223D94A4089A2B0FD1018A5D3', null, 'teacher_certificate', '教师认证', null, null);
INSERT INTO `parameter_constraint` VALUES ('7BC544481DA1405DB39D512FB75C2549', '70DCA0C42D464A1D9BA9646B37D9DF0B', null, '单元测试', '', null, null);
INSERT INTO `parameter_constraint` VALUES ('7C04BB9C3BD44A9F85DBD1D53DD31CA9', '3158875419644FE18F701EAC7A70DAB5', null, 'IOS', '苹果', null, null);
INSERT INTO `parameter_constraint` VALUES ('7C43830E702148599251133282ADBF17', '988D6D1874664C2DB5A1EF7B21E7CBE0', null, '2', '中', null, '2');
INSERT INTO `parameter_constraint` VALUES ('7E014912E082451BBF3FE20B7BE53125', '599CE61886E34F44AE8EFACDF90B3FB1', null, 'CHU_ZHONG', '初中版', null, null);
INSERT INTO `parameter_constraint` VALUES ('7EB80CE715CB4A0DBC430C4423DBE8BC', null, null, '单元测试', '', null, null);
INSERT INTO `parameter_constraint` VALUES ('81E9A5DBB73945079611962A62151C69', 'E5B72E63008241A98B88F362C5610C17', null, 'day183', '近半年', null, null);
INSERT INTO `parameter_constraint` VALUES ('832D70D85852415485A41D6617991732', '6F51A68F27F54C0DB6D926237D0487BC', null, '1', '正确', null, '1');
INSERT INTO `parameter_constraint` VALUES ('8339B161B08243878F8976DA07914DBE', '5CF9478F365148C481AE707D6E027113', null, 'rank_challenge', '排行榜对战', null, null);
INSERT INTO `parameter_constraint` VALUES ('85042658A44342F0940254B36E6AF84C', '44D7DEB28C4549F0A70977912E8F68D9', null, '1', '理科', null, null);
INSERT INTO `parameter_constraint` VALUES ('894228E87E8D47B89075044CD5AC0ECB', 'AA8E63498F72448C8EBDB886CCF6AA2B', null, 'CHU_ZHONG', '', null, null);
INSERT INTO `parameter_constraint` VALUES ('8F16E7A03D134946B942DF72A8301383', null, null, 'ARTS', 'æç§', null, '1');
INSERT INTO `parameter_constraint` VALUES ('91783A626735467F819F1A905484D4E3', null, null, 'SCIENCE', 'çç§', null, '1');
INSERT INTO `parameter_constraint` VALUES ('92566A2300044E89BED1D468FF18C2B4', 'BBC5985DD61F490E8697CC6A4B5477BA', null, '1', '小学', null, '2');
INSERT INTO `parameter_constraint` VALUES ('92C990B87D484BDAA784D1A8D79F012F', '01AB840491FE4CC2B4D0F5920B54A0EA', null, 'register', '注册', null, null);
INSERT INTO `parameter_constraint` VALUES ('978D6371CB364211A87B5ACD09346976', 'AA8E63498F72448C8EBDB886CCF6AA2B', null, 'XIAO_XUE', '', null, null);
INSERT INTO `parameter_constraint` VALUES ('A3E80325BAF64933A584229FFCC50333', null, null, '期中试卷', '期中试卷', null, null);
INSERT INTO `parameter_constraint` VALUES ('A85ED66621424BE3839631F5353CD540', '37E654789880409EB1196C4E0030F185', null, '2', '2', null, '2');
INSERT INTO `parameter_constraint` VALUES ('A917E490C4CD4FADA8049BEF58B36EC4', '451D3386201E4CC69E9E161B23C325F0', null, 'CHU_ZHONG', '', null, null);
INSERT INTO `parameter_constraint` VALUES ('AB582A8D6F0E45C99F68D74D2564C324', 'E32F963B9BBD4ADA91037D6C9A9567F4', null, 'DAY', '天', null, '1');
INSERT INTO `parameter_constraint` VALUES ('ACC00B11A9794822BA6135E05F7E0C82', 'D7F10EBBAC48427DA558482DA56C2FFF', null, 'ARTS', '文科', null, '2');
INSERT INTO `parameter_constraint` VALUES ('ADAEC92CC24F48A8B69B4E812DA762AE', 'E5B72E63008241A98B88F362C5610C17', null, 'day365', '近一年', null, null);
INSERT INTO `parameter_constraint` VALUES ('AEF1BED5B9884C5DAAFCB34673EF841A', 'AADE040908E14919A10B439B13E9E10E', null, 'XIAO_XUE', '小学版', null, null);
INSERT INTO `parameter_constraint` VALUES ('AF25DE51F27A4225B4895108028D40A6', 'DADA297223D94A4089A2B0FD1018A5D3', null, 'reset_password', '重置密码', null, null);
INSERT INTO `parameter_constraint` VALUES ('BBE0DF8AE0E04B0E854361E57995C147', '37E654789880409EB1196C4E0030F185', null, '1', '1', null, '1');
INSERT INTO `parameter_constraint` VALUES ('BCE927A2C12C4FD9B036D54680A4C5DF', '3158875419644FE18F701EAC7A70DAB5', null, 'AND', '安卓', null, null);
INSERT INTO `parameter_constraint` VALUES ('C34BC97DC0624171A3D9AEF6D8C2FCC1', '5CF9478F365148C481AE707D6E027113', null, 'friend_battle', '好友对战', null, null);
INSERT INTO `parameter_constraint` VALUES ('C4006CEA424A49C8973A6DE50D48E48B', 'C645A9B14A994ABC933F39EAA82CB734', null, '2', '中学', null, '3');
INSERT INTO `parameter_constraint` VALUES ('C91B03A1E1CA4B679370682C4F373833', 'E5B72E63008241A98B88F362C5610C17', null, 'day30', '近一个月', null, null);
INSERT INTO `parameter_constraint` VALUES ('CCD2A58862A24412A82ACB669D7F16C0', null, null, '2015-45', '周', null, '2');
INSERT INTO `parameter_constraint` VALUES ('D19180C71AC141E9A040BC1FCB172894', 'E5B72E63008241A98B88F362C5610C17', null, 'today', '今天', null, null);
INSERT INTO `parameter_constraint` VALUES ('D47C66B0D57E44278C6B60AC0E3B78BD', '988D6D1874664C2DB5A1EF7B21E7CBE0', null, '1', '易', null, '1');
INSERT INTO `parameter_constraint` VALUES ('D7BD9D24748D49C1A24DCB88CDE8B8AF', '5CF9478F365148C481AE707D6E027113', null, 'quick_battle', '快速对战', null, null);
INSERT INTO `parameter_constraint` VALUES ('D9B41DA438B648898C46D9AF2EC420DD', '01AB840491FE4CC2B4D0F5920B54A0EA', null, 'reset_password', '重置密码', null, null);
INSERT INTO `parameter_constraint` VALUES ('DC168ABFB0B74B08905AECB89698BA7E', 'D7F10EBBAC48427DA558482DA56C2FFF', null, 'SCIENCE', '理科', null, '1');
INSERT INTO `parameter_constraint` VALUES ('DC99F53CA7404114B9BE134972907EF2', null, null, '期末试卷', '', null, null);
INSERT INTO `parameter_constraint` VALUES ('DF4F71C58A704C9BB9FCA892807AE07C', '451D3386201E4CC69E9E161B23C325F0', null, 'XIAO_XUE', '', null, null);
INSERT INTO `parameter_constraint` VALUES ('E1530DD5D91C4F61A94454B1DAA82A4B', null, null, 'fs', 'fs', null, '1');
INSERT INTO `parameter_constraint` VALUES ('E3E6975FC21C4EC78ACC9AC5508DD858', null, null, '单元试卷', '', null, null);
INSERT INTO `parameter_constraint` VALUES ('E5DBDC582E60425FA14B7A7A9AF18AD1', '45CBE623A48947569B17FC74E7101ACD', null, 'r', 'r', null, null);
INSERT INTO `parameter_constraint` VALUES ('E899500FDEE945E28E186EAA9498EB37', 'DADA297223D94A4089A2B0FD1018A5D3', null, 'register', '注册', null, null);
INSERT INTO `parameter_constraint` VALUES ('F05873D8BBCE4CE489D0BAF5BFB6AE8D', null, null, '2015-12-07', '日', null, '1');
INSERT INTO `parameter_constraint` VALUES ('F818D40543654D94995504C09B503B97', null, null, '期末测试', '', null, null);
INSERT INTO `parameter_constraint` VALUES ('F8CFC28E35BD4A71AA52004FB7DA0990', 'BE0072EB422645B4B0022136934F914A', null, 'USER', 'SX', null, null);
INSERT INTO `parameter_constraint` VALUES ('F9BF5D9A3EFA48FDB7546E7EAE2E041F', null, null, '期中试卷', '', null, null);
INSERT INTO `parameter_constraint` VALUES ('FAC50AD9E1A445C9B8DEA779A419083B', '599CE61886E34F44AE8EFACDF90B3FB1', null, 'XIAO_XUE', '小学版', null, null);

-- ----------------------------
-- Table structure for parameter_retur
-- ----------------------------
DROP TABLE IF EXISTS `parameter_retur`;
CREATE TABLE `parameter_retur` (
  `PARAMETER_ID` varchar(32) NOT NULL COMMENT '参数编号',
  `EXAMPLE_ID` varchar(32) DEFAULT NULL COMMENT '事例编号',
  `PARAMETER_NAME` varchar(32) DEFAULT NULL COMMENT '参数名称',
  `PARAMETER_CODE` varchar(32) DEFAULT NULL COMMENT '参数代码',
  `PARAMETER_DATA_TYPE` varchar(32) DEFAULT NULL COMMENT '参数数据类型',
  `MIN_LENGTH` int(11) DEFAULT NULL COMMENT '最小长度',
  `MAX_LENGTH` int(11) DEFAULT NULL COMMENT '最大长度',
  `PARAMETER_EXAMPLE` varchar(64) DEFAULT NULL COMMENT '参数实例',
  `PARAMETER_EXPLAIN` varchar(64) DEFAULT NULL COMMENT '参数说明',
  `IS_MUST` varchar(16) DEFAULT NULL COMMENT '是否必须',
  `WEIGHT` int(11) DEFAULT NULL COMMENT '权重',
  `CREAT_DATE` datetime DEFAULT NULL COMMENT '创建时间',
  PRIMARY KEY (`PARAMETER_ID`),
  KEY `FK_Reference_8` (`EXAMPLE_ID`),
  CONSTRAINT `FK_Reference_8` FOREIGN KEY (`EXAMPLE_ID`) REFERENCES `example` (`EXAMPLE_ID`) ON DELETE SET NULL ON UPDATE SET NULL
) ENGINE=InnoDB DEFAULT CHARSET=utf8 COMMENT='返回值_参数';

-- ----------------------------
-- Records of parameter_retur
-- ----------------------------
INSERT INTO `parameter_retur` VALUES ('081C545A7AC343F7A97BC6543AB86AF9', '0DF701ABED344ACD8123D54AD238D7D7', '经验总量', 'experience', 'int', '1', '11', '300', '', '1', '1', '2015-11-18 17:15:29');
INSERT INTO `parameter_retur` VALUES ('0A42C34AC56E4270A9B0D5618582E0D3', '7A56C5966B174ED0BD55E81494CE21F9', '累计经验', 'experience', 'int', '11', '11', '380', '', '1', '1', '2015-11-26 11:21:55');
INSERT INTO `parameter_retur` VALUES ('0A7347A5844D470FB19118C8E61954F8', 'A3E8E064735F4D82A18EF5D38743E39E', '奖励值', 'awardValue', 'int', '1', '16', '100', '', '1', '2', '2015-12-03 09:56:57');
INSERT INTO `parameter_retur` VALUES ('0C15AD1BDB434A9AB958C35521C41645', '3DEFC698E55F4B068F31F33A6798B278', '支付状态', 'trade_state', 'String', '1', '16', 'undefined', 'undefined', '1', '1', '2016-04-29 16:04:31');
INSERT INTO `parameter_retur` VALUES ('0FD7D9AA8D1E4D1E86E7D3C16F7178DF', 'C7368773BC064E4CAAD03D532EE7BDA7', '当前战名校编号', 'challengeSchooleId', 'int', '11', '11', '1', '', '1', '1', '2015-11-26 11:11:15');
INSERT INTO `parameter_retur` VALUES ('1104902CDE244665A2DE030078983FCA', 'D670A0F43ED64723B198631BD543D726', '是否是末级', 'selfLabel', 'bool', '1', '1', 'true', '', '1', '5', '2015-11-11 11:05:50');
INSERT INTO `parameter_retur` VALUES ('13BD03ECAA4A4591AF0CAA213E6DF27D', '8A1C738341D84A64997CD9437A0CF439', '反馈信息', 'message', 'int', '11', '11', '1', '', '1', '1', '2015-11-11 11:50:47');
INSERT INTO `parameter_retur` VALUES ('151F23C814074959813CE6588E341250', '98E9DEBCFCB343E1918A0C9B6463A39A', '反馈信息', 'message', 'int', '11', '11', '1', '', '1', '1', '2015-11-11 11:39:35');
INSERT INTO `parameter_retur` VALUES ('192F59A2A5B0466381A3B2E2945630BE', '26D05E337AF244B7A1FE42F4E0F7CADC', '电话号码', 'phoneNumber', 'String', '11', '11', '13681004146', '', '1', '3', '2015-11-09 09:29:14');
INSERT INTO `parameter_retur` VALUES ('1B600FDBB1A14BACBD426AEEEC779355', '75D6DAE15E5C4F5EBFE0489C2F6FD8CA', 'f', 'f', 'String', '1', '1', 'f', 'f', '1', '1', '2016-08-04 11:08:24');
INSERT INTO `parameter_retur` VALUES ('1C4E5D82A4F04A69B9376E7BAAF13E88', '8DA331F5DB774C27B579A2D21BA42C8E', '星星数', 'starNumber', 'int', '11', '11', '3', '', '1', '7', '2015-11-26 16:37:56');
INSERT INTO `parameter_retur` VALUES ('1DC9A6127EAB441BA045BE8F4F3EF104', '480A30BD67B546CA9857077F7FFED700', '反馈信息', 'messege', 'String', '1', '1', '1', '', '1', '1', '2015-12-02 10:30:41');
INSERT INTO `parameter_retur` VALUES ('214498C6279341AA8E4DD28808154FA0', '261444B4DA7F487094B350AE9FD8D458', '金币', 'currency', 'int', '1', '11', '123', '', '1', '3', '2015-12-07 11:12:48');
INSERT INTO `parameter_retur` VALUES ('25B78F1D28B84A9285642E88091F29BC', null, 'w', 'w', 'int', '1', '1', '1', 'undefined', '1', '1', '2015-12-15 08:51:57');
INSERT INTO `parameter_retur` VALUES ('25CBBDF504C04046A7AE3C7278712FAC', null, 'user', 'user', 'String', '1', '11', '1', '', '1', '1', '2015-12-10 17:46:16');
INSERT INTO `parameter_retur` VALUES ('264D92BC192E4BE18D294E77A9D818E5', '7A56C5966B174ED0BD55E81494CE21F9', '学科编号', 'subjectCode', 'String', '32', '32', '274ea', '', '1', '5', '2015-11-26 11:23:28');
INSERT INTO `parameter_retur` VALUES ('29EC331C04D14337928E7642FC84A225', 'C6675ACC902244E3AF3CB0D7F5963345', '反馈信息', 'message', 'int', '1', '11', '1', '', '1', '1', '2015-12-14 15:39:26');
INSERT INTO `parameter_retur` VALUES ('2B2FB83C7D8A436C84A42358DEEF0960', '60649B40D77D40A08D58BA2EFAA02883', '分班状态', 'placement', 'bool', null, null, 'true', 'true', '1', '1', '2016-09-14 11:09:03');
INSERT INTO `parameter_retur` VALUES ('2EF64005099244EF910653BC13870B63', '9310367514644CD08A86F411B38A31AA', '是否保存', 'isSave', 'String', '1', '1', 'undefined', 'undefined', '1', '1', '2016-08-03 11:08:42');
INSERT INTO `parameter_retur` VALUES ('31C444EE33564B3EABE77C3E6B54AAFF', 'BA7ACEC4BC01407AB930E894C0D0C28F', '浏览次数', 'browseTime', 'int', '1', '11', '1', '', '1', '10', '2015-11-17 09:52:35');
INSERT INTO `parameter_retur` VALUES ('3873EDAE89DC490C99F5614E62055E26', 'C7368773BC064E4CAAD03D532EE7BDA7', '用户当前进度', 'thisSchedule', 'int', '11', '11', '1', '', '1', '4', '2015-11-26 11:12:32');
INSERT INTO `parameter_retur` VALUES ('3C7E8FF553724F13BF69D5D1E7F277B0', '8DA331F5DB774C27B579A2D21BA42C8E', '关卡序号', 'customsBarrierId', 'int', '11', '11', '1', '', '1', '4', '2015-11-26 16:35:41');
INSERT INTO `parameter_retur` VALUES ('4035A20617844A12A515F73C29372176', '0374881F7E134EB7917E154102255316', '反馈信息', 'message', 'int', '11', '11', '1', '', '1', '1', '2015-11-11 10:35:09');
INSERT INTO `parameter_retur` VALUES ('40E50D6B55944B2AA80B8018DAD0C63C', 'B3799A1042EE4CCFA1AB13D31E74FAB2', '短信验证码', 'verificationCode', 'String', '6', '6', '000000', '', '1', '2', '2015-11-11 10:27:05');
INSERT INTO `parameter_retur` VALUES ('414DAE8237C54233A26B3C2FC39D68E5', 'BA7ACEC4BC01407AB930E894C0D0C28F', '是否为精华', 'isEssence', 'String', '1', '11', '1', '', '1', '14', '2015-11-17 09:55:29');
INSERT INTO `parameter_retur` VALUES ('41FCC4B772BB4ED19A450344B2336668', 'D05FEEE156F64AC78C94060E4395EED8', '高校名称', 'university', 'String', '2', '16', '中国人民大学', '', '1', '3', '2015-11-16 09:24:41');
INSERT INTO `parameter_retur` VALUES ('42FB0441285E43A9960E12ABCE2D5125', '76DB87485B7F4654BFCE5725D7F6347A', '签名', 'sign', 'String', '32', '64', 'E5EE681119DB19400B8CFC9FC199EB77', 'undefined', '1', '1', '2016-04-29 12:04:38');
INSERT INTO `parameter_retur` VALUES ('439572C481D442808F255372BF3BDB6B', '8DA331F5DB774C27B579A2D21BA42C8E', '当前进度', 'thisSchedule', 'int', '11', '11', '1', '', '1', '2', '2015-11-26 16:34:26');
INSERT INTO `parameter_retur` VALUES ('4AC1422D4A284AB3B87818E002FC00AE', '8DA331F5DB774C27B579A2D21BA42C8E', '学科编号', 'subjectCode', 'String', '32', '32', '274ea', '考试关卡没有改参数', '0', '5', '2015-11-26 16:36:34');
INSERT INTO `parameter_retur` VALUES ('4D832BF3DC034E579F9789ABD5098F39', '53C75EC8273344FDB9BE724594A14B5A', '反馈信息', 'message', 'int', '11', '11', '1', '', '1', '1', '2015-11-24 12:00:49');
INSERT INTO `parameter_retur` VALUES ('4F5F174CFCC6425D80CD1CE6AB9CBEFD', 'E052FBD0635B46FDA186134BAF37C82C', '学科名称', 'subjectName', 'String', '2', '3', '物理', '', '1', '2', '2015-11-11 10:46:52');
INSERT INTO `parameter_retur` VALUES ('4FD52FD9BDD24C7DBDA1BE347C4DBA2B', '7A0FE99A139A48949C4B0C1146D831EA', '省直辖市编号', 'provinceId', 'int', '11', '11', '1', '', '1', '2', '2015-11-16 09:20:45');
INSERT INTO `parameter_retur` VALUES ('5029D43B84F9490D964A463749089807', 'DB2A2DFE0F224F818A583B41BF5A7ECF', 'f', 'f', 'String', '1', '2', 'ff', 'ff', '1', '1', '2016-08-04 16:08:48');
INSERT INTO `parameter_retur` VALUES ('507E33A41FF0475CA078B1CF750A18BA', 'D670A0F43ED64723B198631BD543D726', ' 知识点代码', 'code', 'String', '32', '32', '2ee1c4979f674b468d2faa024bce4b99', '', '1', '1', '2015-11-11 11:03:13');
INSERT INTO `parameter_retur` VALUES ('51A69DFC43DA4D31802C769BAAC34FFD', 'E052FBD0635B46FDA186134BAF37C82C', '学科代码', 'code', 'String', '5', '5', '274ea', '', '1', '1', '2015-11-11 10:46:23');
INSERT INTO `parameter_retur` VALUES ('52DB36F4514A4C3EA8F7C33C40016297', 'BA7ACEC4BC01407AB930E894C0D0C28F', '感悟内容', 'content', 'String', '16', '1000', ' 开发商结婚老师的看法和了似的咖啡碱老师的课了独守空', '', '1', '6', '2015-11-17 09:50:13');
INSERT INTO `parameter_retur` VALUES ('5394DC283F6D492DA35FC41BA45704C1', '7A56C5966B174ED0BD55E81494CE21F9', '当前等级', 'rank', 'int', '11', '11', '2', '', '1', '2', '2015-11-26 11:22:13');
INSERT INTO `parameter_retur` VALUES ('54773E76D9024A36B204D6F5B0906326', 'C7368773BC064E4CAAD03D532EE7BDA7', '对手所在位置', 'opponentLocation', 'int', '11', '11', '14', '', '1', '2', '2015-11-26 11:12:07');
INSERT INTO `parameter_retur` VALUES ('5AC98A253A824C2290A9962FDC5942FB', '7A56C5966B174ED0BD55E81494CE21F9', '反馈信息', 'message', 'int', '11', '11', '1', '', '1', '1', '2015-11-26 11:25:35');
INSERT INTO `parameter_retur` VALUES ('5B169AA6BC4247EFB00FCF1DA14F78F1', '8DA331F5DB774C27B579A2D21BA42C8E', '对手位置', 'opponentLocation', 'int', '11', '11', '14', '', '1', '3', '2015-11-26 16:34:48');
INSERT INTO `parameter_retur` VALUES ('5B7F48D7C78041359130C4D9A96AFD84', 'C7368773BC064E4CAAD03D532EE7BDA7', '反馈信息', 'message', 'int', '11', '11', '1', '', '1', '2', '2015-11-26 11:11:47');
INSERT INTO `parameter_retur` VALUES ('5C19632759F5492EA19F7860D7FBD642', 'BA7ACEC4BC01407AB930E894C0D0C28F', '感悟编号', 'inspirationId', 'int', '1', '11', '1', '', '1', '4', '2015-11-17 09:48:31');
INSERT INTO `parameter_retur` VALUES ('610939240F7F467BB6404C6944F9C276', 'DB9F037984174A7389841D0BC800C35C', '年级代码', 'code', 'String', '5', '5', '24156', '', '1', '1', '2015-11-11 10:42:40');
INSERT INTO `parameter_retur` VALUES ('6219EE43406D47A9A7274A4E5AB521E5', 'D5B141E7A00F4892B20B95B8FEA81607', '反馈信息', 'message', 'int', '11', '11', '0', '', '1', '1', '2015-11-11 13:36:40');
INSERT INTO `parameter_retur` VALUES ('6321389DA9DE4085A0F68BC2CAD8C2E9', 'BA7ACEC4BC01407AB930E894C0D0C28F', '总页数', 'totalPages', 'int', '1', '11', '5', '', '1', '3', '2015-11-17 09:47:48');
INSERT INTO `parameter_retur` VALUES ('642779B657764C83B1697DCD04AE3A59', '1B543244FBC04F5895348E6BF7E02422', '反馈信息', 'message', 'int', '11', '11', '1', '', '1', '1', '2015-11-09 10:16:22');
INSERT INTO `parameter_retur` VALUES ('644684800B3242E3B2BECADE1AD236E8', '26D05E337AF244B7A1FE42F4E0F7CADC', '反馈信息', 'message', 'int', '11', '11', '1', '', '1', '1', '2015-11-09 09:09:51');
INSERT INTO `parameter_retur` VALUES ('663FC3A228154C928074401CFBFFBD24', 'BA49CCEE6BB44F128FAAA117F91A55EC', '是否取消', 'isCancel', 'String', '1', '1', '1', 'undefined', '1', '1', '2016-08-03 11:08:54');
INSERT INTO `parameter_retur` VALUES ('6E92E953D42F430A9675620329DA5E21', '7A56C5966B174ED0BD55E81494CE21F9', '获得星星', 'startNumber', 'int', '11', '11', '3', '', '1', '4', '2015-11-26 11:22:56');
INSERT INTO `parameter_retur` VALUES ('6EE11324F93D4A0AA47EBCA2F334264C', '0669AF50419A4513B10882E46916CECC', 'f', 'f', 'String', '1', '1', 'f', 'undefined', '1', '1', '2015-12-15 10:03:29');
INSERT INTO `parameter_retur` VALUES ('7167D6C2114D4444ABF5E0BAAC6CEA1E', 'BA7ACEC4BC01407AB930E894C0D0C28F', '是否发表', 'isPublish', 'int', '1', '11', '1', '', '1', '9', '2015-11-17 09:52:01');
INSERT INTO `parameter_retur` VALUES ('734E83A514384343B3C07C09BE6CE478', 'DB9F037984174A7389841D0BC800C35C', '年级名称', 'gradeName', 'String', '2', '3', '高一', '', '1', '2', '2015-11-11 10:43:33');
INSERT INTO `parameter_retur` VALUES ('787D33F5EE7041B2A8C6262377C324F8', '7A0FE99A139A48949C4B0C1146D831EA', '反馈信息', 'message', 'int', '11', '11', '1', '', '1', '1', '2015-11-16 09:20:17');
INSERT INTO `parameter_retur` VALUES ('78CDF4F45837403F9194300599817186', null, 'q', 'q', 'String', '1', '1', '1', 'undefined', '1', '1', '2015-12-15 08:51:34');
INSERT INTO `parameter_retur` VALUES ('7AED411293C841C0B7F87C9B37F80340', '8DA331F5DB774C27B579A2D21BA42C8E', '答对总题数', 'finishTime', 'int', '11', '11', '10', ' ', '1', '6', '2015-11-26 16:37:20');
INSERT INTO `parameter_retur` VALUES ('83A866A27371407E848B53912A14F388', '261444B4DA7F487094B350AE9FD8D458', '等级', 'rank', 'int', '1', '11', '1', '', '1', '1', '2015-12-07 11:11:54');
INSERT INTO `parameter_retur` VALUES ('87F5C52ED89444E6927D147B307B6BCC', '8DA331F5DB774C27B579A2D21BA42C8E', '战名校编号', 'challengeSchooleId', 'int', '11', '11', '1', '', '1', '1', '2015-11-26 16:34:02');
INSERT INTO `parameter_retur` VALUES ('89A6735E98874012810D5DFA9C0E384B', 'A3E8E064735F4D82A18EF5D38743E39E', '奖励类型', 'awardType', 'String', '1', '16', 'EXP', '', '1', '1', '2015-12-03 09:56:33');
INSERT INTO `parameter_retur` VALUES ('8C0D83BF178E403DB4B22AAA9EA3E398', 'D670A0F43ED64723B198631BD543D726', '知识点名称', 'name', 'String', '1', '32', ' 对象的概念', '', '1', '2', '2015-11-11 11:04:00');
INSERT INTO `parameter_retur` VALUES ('8E8CAA9E920945AB9A58DA13E2CFC5E9', 'BA7ACEC4BC01407AB930E894C0D0C28F', '收藏次数', 'collectTime', 'int', '1', '11', '1', '', '1', '13', '2015-11-17 09:54:50');
INSERT INTO `parameter_retur` VALUES ('8FA02C741EAF4CD9AC3FBA88E142D9AD', 'BA7ACEC4BC01407AB930E894C0D0C28F', '感悟总数', 'total', 'int', '1', '11', '12', '', '1', '2', '2015-11-17 09:47:04');
INSERT INTO `parameter_retur` VALUES ('90FC5FBE57C64662B19DF72D0B066A93', 'BA7ACEC4BC01407AB930E894C0D0C28F', '点赞次数', 'praiseTime', 'int', '1', '11', '1', '', '1', '11', '2015-11-17 09:53:16');
INSERT INTO `parameter_retur` VALUES ('930DCC1006724E199CA271F3F3196FBC', '0DF701ABED344ACD8123D54AD238D7D7', '当前等级', 'rank', 'int', '1', '11', '300', '', '1', '1', '2015-11-18 17:15:48');
INSERT INTO `parameter_retur` VALUES ('94F7A3DACA8F42ED8F70457CB55D7808', '7B54ACD1AC964F4FA6B4D68C72D44645', '测试报告ID', 'reportId', 'int', null, null, '89', 'undefined', '1', '1', '2016-08-03 13:08:07');
INSERT INTO `parameter_retur` VALUES ('976BBE1B5BEA4A659112B75A192F3236', '261444B4DA7F487094B350AE9FD8D458', '经验', 'experience', 'int', '1', '11', '345', '', '1', '2', '2015-12-07 11:12:29');
INSERT INTO `parameter_retur` VALUES ('98D31D281C5948FAB31C5C43E1E5338F', 'B3799A1042EE4CCFA1AB13D31E74FAB2', '反馈信息', 'message', 'int', '11', '11', '1', '', '1', '1', '2015-11-11 10:26:20');
INSERT INTO `parameter_retur` VALUES ('9FD6B3C8D09D4DC682E1CDF433A5F5CF', 'BA7ACEC4BC01407AB930E894C0D0C28F', '评论次数', 'commentTime', 'int', '1', '11', '1', '', '1', '12', '2015-11-17 09:53:44');
INSERT INTO `parameter_retur` VALUES ('A41652E5D815497BB9D520CB896FBCCE', 'D05FEEE156F64AC78C94060E4395EED8', '高校编号', 'universityId', 'int', '11', '11', '1', '', '1', '2', '2015-11-16 09:24:02');
INSERT INTO `parameter_retur` VALUES ('AA359EDABFE04753A93F4382635AF0AF', '4D2E13D91B1E4BD2B9B63BB535E2CA13', '支付状态', 'trade_state', 'String', '1', '32', 'NOTPAY', 'undefined', '1', '1', '2016-08-03 11:08:58');
INSERT INTO `parameter_retur` VALUES ('B59797D35E874E9BA51900C72134B8CC', '5B17000DEC8D49FD9E53C10D2B359944', 'id', 'id', 'String', '1', '11', 'serdfhgjhhjkjkljk', 'undefined', '1', '1', '2016-06-02 16:06:34');
INSERT INTO `parameter_retur` VALUES ('B6720A5BF8684A69A35AA3F92E87312C', 'BA7ACEC4BC01407AB930E894C0D0C28F', '封面图片', 'coverPicture', 'String', '16', '256', 'upload\\\\image\\\\201511\\\\F180B410841449B08996733CAB768C9A.jpg', '', '1', '5', '2015-11-17 09:49:30');
INSERT INTO `parameter_retur` VALUES ('C28AFBA648E9485FBAD42047D99AE267', '9EE8E12F9CDF4BBE8F6700B8DDFBB899', 'f', 'f', 'String', '1', '2', 'undefined', 'undefined', '1', '1', '2016-08-04 09:08:45');
INSERT INTO `parameter_retur` VALUES ('CDBBD76200B24387BB2362D18F198B5F', 'D670A0F43ED64723B198631BD543D726', ' 是否可以取题', 'chk', 'bool', '1', '1', 'true', '', '1', '4', '2015-11-11 11:05:27');
INSERT INTO `parameter_retur` VALUES ('CFA041913E46432C827A40CD3FFC32FE', '7B54ACD1AC964F4FA6B4D68C72D44645', '名次', 'rankingNumber', 'int', null, null, '1011', 'undefined', '1', '1', '2016-08-03 13:08:10');
INSERT INTO `parameter_retur` VALUES ('D250285F8F454B97BD69B438B2710C9D', '64EBDFAF3A9C4735A776684BD2A2768D', 'f', 'f', 'String', '1', '1', 'f', 'f', '1', '1', '2016-08-04 19:08:25');
INSERT INTO `parameter_retur` VALUES ('D3487258737D4A6D829841DD7A2CB961', 'A3A1F2C37B8B4D7DB33060D15C7A8CE7', '反馈信息', 'message', 'int', '11', '11', '1', '', '1', '1', '2015-11-11 13:36:05');
INSERT INTO `parameter_retur` VALUES ('D5E3A90D41B3448F8C32856E82A16863', '7A56C5966B174ED0BD55E81494CE21F9', '对题数', 'rightNumber', 'int', '11', '11', '10', '', '1', '3', '2015-11-26 11:22:35');
INSERT INTO `parameter_retur` VALUES ('D6B7340734CE419CB15534094BD4FF93', 'DEFB7C757DE0460AB332986C690429D3', 'f', 'f', 'String', '1', '56', 'ff', 'ff', '1', '1', '2016-08-04 10:08:32');
INSERT INTO `parameter_retur` VALUES ('D7060F3E8CD24AA39B7BFF2FFD3714AA', '26D05E337AF244B7A1FE42F4E0F7CADC', '回话编号', 'sessionId', 'String', '32', '32', 'DEAECF14B052479CA455BF7F860131AD', '', '1', '2', '2015-11-09 09:28:43');
INSERT INTO `parameter_retur` VALUES ('DCF1D59008A44BFD99429BFEFFC11324', 'CF6ED19A3CDC42868868900BAFAEBAC8', '教材版本名称', 'bookType', 'String', '2', '10', '人教版', '', '1', '2', '2015-11-11 10:56:44');
INSERT INTO `parameter_retur` VALUES ('DFD572F374C248FEA86E6401EA6FDB2B', 'DEFB7C757DE0460AB332986C690429D3', 'g', 'g', 'String', '1', '2', 'gg', 'gg', '1', '1', '2016-08-04 10:08:50');
INSERT INTO `parameter_retur` VALUES ('E042F0BE4CA44AF0A0AA0584F32FB582', 'F5C415B1EA1B4CF3B8D8A8AF1949705E', '微信支付订单号', 'outTradeNo', 'String', '16', '64', '20160715160357000001', 'undefined', '1', '1', '2016-08-03 10:08:44');
INSERT INTO `parameter_retur` VALUES ('E539660633E94D159E4F6BBBF970AFA1', 'F2C5014BED3547428B5FF1F756997A0B', 'f', 'f', 'String', '1', '3', 'undefined', 'undefined', '1', '1', '2016-08-04 10:08:48');
INSERT INTO `parameter_retur` VALUES ('E7AE9B0F7AAD495DB5F98BF729857AF0', '7A0FE99A139A48949C4B0C1146D831EA', '省直辖市名称', 'province', 'String', '2', '16', '广西', '', '1', '3', '2015-11-16 09:21:26');
INSERT INTO `parameter_retur` VALUES ('EAAB9709806A44B8A8047994DF8DC116', '0DF701ABED344ACD8123D54AD238D7D7', '金币总量', 'currency', 'int', '1', '11', '300', '', '1', '1', '2015-11-18 17:15:10');
INSERT INTO `parameter_retur` VALUES ('ECEF3A67EFDD43F08ADE6BF37C141310', 'A3E8E064735F4D82A18EF5D38743E39E', '连续签到次数', 'signTime', 'int', '1', '16', '2', '', '1', '3', '2015-12-03 09:57:26');
INSERT INTO `parameter_retur` VALUES ('EF0788F0889F477A8952F572EF659D0A', '76DB87485B7F4654BFCE5725D7F6347A', '时间戳', 'timestamp', 'int', '16', '16', '1461900985878', 'undefined', '1', '1', '2016-04-29 12:04:01');
INSERT INTO `parameter_retur` VALUES ('F1B20E13A5524323BE5E54A183AA5507', 'D05FEEE156F64AC78C94060E4395EED8', '反馈信息', 'message', 'int', '11', '11', '1', '', '1', '1', '2015-11-16 09:23:42');
INSERT INTO `parameter_retur` VALUES ('F2059A10DE574FCA83E0DDC36EF58574', '7F5AA4B551E441CEAD0AB80E535C510A', '连续签到次数', 'signTime', 'String', '1', '11', '1', '', '1', '1', '2015-12-03 09:54:59');
INSERT INTO `parameter_retur` VALUES ('F5936ACD6D7F4CEFB5F7FBBE66D553ED', 'BA7ACEC4BC01407AB930E894C0D0C28F', '是否通过审核', 'isPassCheck', 'int', '1', '11', '1', '', '1', '8', '2015-11-17 09:51:43');
INSERT INTO `parameter_retur` VALUES ('F725FB815A1747EF827AAE5F995920CE', 'D670A0F43ED64723B198631BD543D726', '是否是末级', 'selfLabel', 'bool', '1', '1', 'false', '', '1', '5', '2015-11-11 11:06:10');
INSERT INTO `parameter_retur` VALUES ('FA9D9138BAD8402ABA718101430DA0EF', 'BA7ACEC4BC01407AB930E894C0D0C28F', '插图', 'illustration', 'String', '16', '256', ' upload\\\\image\\\\201511\\\\F180B410841449B08996733CAB768C9A.jpg', '', '1', '7', '2015-11-17 09:50:55');
INSERT INTO `parameter_retur` VALUES ('FC138D9A18A542C48E2FAE6CCE121E2F', 'D670A0F43ED64723B198631BD543D726', ' 父知识点代码 ', ' parentCode', 'String', '32', '32', '12925dc1de5e4368a6d5e12fb66dec35', '', '1', '3', '2015-11-11 11:04:41');
INSERT INTO `parameter_retur` VALUES ('FCDC7883AF9641E88A516C9DA739B201', 'BA7ACEC4BC01407AB930E894C0D0C28F', '反馈信息', 'message', 'int', '1', '11', '1', '', '1', '1', '2015-11-17 09:46:02');
INSERT INTO `parameter_retur` VALUES ('FCE4649CE36C45AFA5D5838B869A0627', 'CF6ED19A3CDC42868868900BAFAEBAC8', '教材版本代码', 'code', 'String', '32', '32', 'c88ba8a0e85846438937106b17d1282b', '', '1', '1', '2015-11-11 10:56:02');

-- ----------------------------
-- Table structure for project
-- ----------------------------
DROP TABLE IF EXISTS `project`;
CREATE TABLE `project` (
  `PROJECT_ID` varchar(32) NOT NULL COMMENT '项目编号',
  `PROJECT_NAME` varchar(16) DEFAULT NULL COMMENT '项目名称',
  `PROJECT_CODE` varchar(32) DEFAULT NULL COMMENT '项目代码',
  `PROJECT_INTRO` varchar(256) DEFAULT NULL COMMENT '项目简介',
  `CREAT_DATE` datetime DEFAULT NULL COMMENT '创建时间',
  `WEIGHT` int(11) DEFAULT NULL COMMENT '权重',
  `COMPANY_ID` varchar(32) DEFAULT NULL COMMENT '公司编号',
  `AUTHOR_NAME` varchar(32) DEFAULT NULL COMMENT '作者姓名',
  `VERSIONS` varchar(32) DEFAULT NULL COMMENT '版本号',
  `URL_PREFIX` varchar(128) DEFAULT NULL COMMENT '资源前缀',
  `IS_ISSUE` varchar(8) DEFAULT NULL COMMENT '是否发布',
  PRIMARY KEY (`PROJECT_ID`),
  KEY `FK_PROJECT_COMPANY` (`COMPANY_ID`),
  CONSTRAINT `FK_PROJECT_COMPANY` FOREIGN KEY (`COMPANY_ID`) REFERENCES `company` (`COMPANY_ID`) ON DELETE SET NULL ON UPDATE SET NULL
) ENGINE=InnoDB DEFAULT CHARSET=utf8 COMMENT='项目_项目';

-- ----------------------------
-- Records of project
-- ----------------------------
INSERT INTO `project` VALUES ('19087A253E7C4E43961440D1720C27A2', '好学生——战斗版', 'hxs_challenge', null, '2016-07-19 14:07:09', '1', '2582B1DAF550485980F519096F3ACEC1', 'hechen', '1.0', null, 'TRUE');
INSERT INTO `project` VALUES ('31660731DE4049E8BF5758EFAED068AF', '保分计划', 'BAO_FEN', null, '2016-09-01 15:09:23', '1', '2582B1DAF550485980F519096F3ACEC1', 'hechenwe', '1.0', null, 'TRUE');
INSERT INTO `project` VALUES ('37D589576C1A4F96B828C9CA648DB8F4', '智慧陪伴', 'wisdom-companion', null, '2017-02-15 14:02:16', '1', '2582B1DAF550485980F519096F3ACEC1', 'hechenwe', '1.0', null, 'TRUE');
INSERT INTO `project` VALUES ('4FE95D26295846979FC1D07D3393B2C8', '测试API', 'testapi', null, '2016-03-31 17:03:22', '1', '2582B1DAF550485980F519096F3ACEC1', 'hechen', '1.0', null, 'TRUE');
INSERT INTO `project` VALUES ('543762007CDC4063B787AE4E71C14762', 'UUIMS-TOOL', 'UUIMS-TOOL', null, '2016-03-11 16:01:28', '1', '2582B1DAF550485980F519096F3ACEC1', 'hechen', '1.0', null, 'TRUE');
INSERT INTO `project` VALUES ('5605C8B8E44540608B0D5CB0CADAA7B7', '博客', 'bloges', null, '2015-12-30 11:51:26', '1', '900912481B474A63A3104514E4EE3E22', 'nimei', '1.0', null, 'FALSE');
INSERT INTO `project` VALUES ('907B6C775A8640BE9710B929AFFCC551', '战斗力', 'fighting', null, '2016-04-20 10:04:14', '1', '2582B1DAF550485980F519096F3ACEC1', 'hechen', '1.0', null, 'TRUE');
INSERT INTO `project` VALUES ('9B8AACB65185483DAADF914C26703FD9', '好学生', 'goodstudent', '好学生', '2015-11-02 14:35:41', '1', '2582B1DAF550485980F519096F3ACEC1', 'hechen', '1.0', null, 'TRUE');
INSERT INTO `project` VALUES ('E5D4A7CC7700467FBFF85AF25798DAFF', '好学生——辅导模块', 'hxs_tutorship', null, '2016-07-14 11:07:40', '1', '2582B1DAF550485980F519096F3ACEC1', 'hechen', '1.0', '192.168.1.213:8080', 'TRUE');

-- ----------------------------
-- Table structure for role
-- ----------------------------
DROP TABLE IF EXISTS `role`;
CREATE TABLE `role` (
  `ROLE_ID` varchar(32) NOT NULL,
  `ROLE_NAME` varchar(32) DEFAULT NULL COMMENT '角色名称',
  `ROLE_CODE` varchar(32) DEFAULT NULL,
  PRIMARY KEY (`ROLE_ID`)
) ENGINE=InnoDB DEFAULT CHARSET=utf8 COMMENT='权限模块_角色';

-- ----------------------------
-- Records of role
-- ----------------------------
INSERT INTO `role` VALUES ('C987D07531A24FD49ABEC0AEE9E724B6', '项目管理员', 'PROJECT_ADMIN');
INSERT INTO `role` VALUES ('D42465CF64D64BC889770A206C8B0049', '公司管理员', 'ADMIN');
INSERT INTO `role` VALUES ('E8517FDA0CE94F01BDB80B5C81217ABC', '普通用户', 'GENERAL');

-- ----------------------------
-- Table structure for user
-- ----------------------------
DROP TABLE IF EXISTS `user`;
CREATE TABLE `user` (
  `USER_ID` varchar(32) NOT NULL COMMENT '用户编号',
  `USER_NAME` varchar(16) DEFAULT NULL COMMENT '用户名',
  `PASSWORD` varchar(32) DEFAULT NULL COMMENT '密码',
  `EMAIL` varchar(64) DEFAULT NULL COMMENT '邮箱',
  `MOBILE_NUMBER` varchar(16) DEFAULT NULL COMMENT '手机号码',
  `REGISTER_DATE` datetime DEFAULT NULL COMMENT '注册时间',
  `ROLE_ID` varchar(32) DEFAULT NULL,
  `COMPANY_ID` varchar(32) DEFAULT NULL,
  PRIMARY KEY (`USER_ID`),
  KEY `FK_USER_ROLE` (`ROLE_ID`),
  KEY `FK_USER_COMPANY` (`COMPANY_ID`),
  CONSTRAINT `FK_USER_COMPANY` FOREIGN KEY (`COMPANY_ID`) REFERENCES `company` (`COMPANY_ID`) ON DELETE SET NULL ON UPDATE SET NULL,
  CONSTRAINT `FK_USER_ROLE` FOREIGN KEY (`ROLE_ID`) REFERENCES `role` (`ROLE_ID`) ON DELETE SET NULL ON UPDATE SET NULL
) ENGINE=InnoDB DEFAULT CHARSET=utf8 COMMENT='用户_用户';

-- ----------------------------
-- Records of user
-- ----------------------------
INSERT INTO `user` VALUES ('00D25A6CFB68474F891CBF2DA3C58B3F', 'nimei', 'C6F057B86584942E415435FFB1FA93D4', '592794139@qq.com', null, '2015-12-30 11:51:05', 'D42465CF64D64BC889770A206C8B0049', '900912481B474A63A3104514E4EE3E22');
INSERT INTO `user` VALUES ('063223AF844946B28DEB05D86D00AF58', 'user', '670B14728AD9902AECBA32E22FA4F6BD', 'user@qq.com', null, '2016-07-19 17:07:59', 'E8517FDA0CE94F01BDB80B5C81217ABC', '2582B1DAF550485980F519096F3ACEC1');
INSERT INTO `user` VALUES ('0E61AD9A6CAE4B26A3B174021ED27CE4', 'tom', 'C6F057B86584942E415435FFB1FA93D4', 'ff', null, '2015-12-30 11:53:25', 'E8517FDA0CE94F01BDB80B5C81217ABC', '900912481B474A63A3104514E4EE3E22');
INSERT INTO `user` VALUES ('5E61536028934B1CB1EFEFA21FEE7A33', 'oo', '670B14728AD9902AECBA32E22FA4F6BD', '592794139@qq.com', null, '2016-06-17 18:06:12', 'E8517FDA0CE94F01BDB80B5C81217ABC', '2582B1DAF550485980F519096F3ACEC1');
INSERT INTO `user` VALUES ('7A386A60C2AA409CB5D7779A4895F3FD', 'chen', '670B14728AD9902AECBA32E22FA4F6BD', '592794139@qq.com', null, '2016-09-08 14:09:48', 'E8517FDA0CE94F01BDB80B5C81217ABC', '2582B1DAF550485980F519096F3ACEC1');
INSERT INTO `user` VALUES ('B1AD9D8452834E9A958365A42359B825', 'sooncode', 'C6F057B86584942E415435FFB1FA93D4', '592794139@qq.com', null, '2015-12-25 11:25:10', 'D42465CF64D64BC889770A206C8B0049', '506648FA0D344C84852FBDA254EDD2F1');
INSERT INTO `user` VALUES ('C3F90E82B1D9453E928AE3B5FF6128FC', 'api', '670B14728AD9902AECBA32E22FA4F6BD', '592794139@qq.com', null, '2016-06-30 16:06:00', 'E8517FDA0CE94F01BDB80B5C81217ABC', '2582B1DAF550485980F519096F3ACEC1');
INSERT INTO `user` VALUES ('E971D853C7F6440EB8F9148D4939E22C', 'test', 'C6F057B86584942E415435FFB1FA93D4', '592794139@qq.com', null, '2016-06-17 09:06:16', 'E8517FDA0CE94F01BDB80B5C81217ABC', '2582B1DAF550485980F519096F3ACEC1');
INSERT INTO `user` VALUES ('EE4D583C3DC24125839CD2C89D5960DC', 'hechenwe', '9481344B23EDA39902D5DC9646BC4214', '592794139@qq.com', null, '2015-11-24 08:54:18', 'D42465CF64D64BC889770A206C8B0049', '2582B1DAF550485980F519096F3ACEC1');
INSERT INTO `user` VALUES ('FAA4BF1DA18C402893F7BB52FAC0B4C3', 'lishi', 'C6F057B86584942E415435FFB1FA93D4', '592794139@qq.com', null, '2015-12-25 11:36:26', 'E8517FDA0CE94F01BDB80B5C81217ABC', '506648FA0D344C84852FBDA254EDD2F1');
INSERT INTO `user` VALUES ('FAA4BF1DA18C402893F7BB52FAC0B4C8', 'dingran', '670B14728AD9902AECBA32E22FA4F6BD', '550223183@qq.com', null, '2016-07-19 14:52:21', 'D42465CF64D64BC889770A206C8B0049', '2582B1DAF550485980F519096F3ACEC1');

-- ----------------------------
-- Table structure for value_explain
-- ----------------------------
DROP TABLE IF EXISTS `value_explain`;
CREATE TABLE `value_explain` (
  `VALUE_EXPLAIN_ID` varchar(32) NOT NULL COMMENT '参数值说明编号',
  `PARAMETER_ID` varchar(32) DEFAULT NULL COMMENT '参数_编号',
  `VALUE` varchar(32) DEFAULT NULL COMMENT '常数值',
  `VALUE_MEANING` varchar(64) DEFAULT NULL COMMENT '值含义',
  `WEIGHT` int(11) DEFAULT NULL COMMENT '权重',
  PRIMARY KEY (`VALUE_EXPLAIN_ID`),
  KEY `FK_VALUE_EXPLAIN_PARAMETER` (`PARAMETER_ID`),
  CONSTRAINT `FK_VALUE_EXPLAIN_PARAMETER` FOREIGN KEY (`PARAMETER_ID`) REFERENCES `parameter_retur` (`PARAMETER_ID`) ON DELETE SET NULL ON UPDATE SET NULL
) ENGINE=InnoDB DEFAULT CHARSET=utf8 COMMENT='返回值_参数值说明';

-- ----------------------------
-- Records of value_explain
-- ----------------------------
INSERT INTO `value_explain` VALUES ('01B30CA75432442E93ADC9FD6FDDC4CB', null, 'FAILURE', '失败', '1');
INSERT INTO `value_explain` VALUES ('0C9B976AABA14902961A3F670052C981', '78CDF4F45837403F9194300599817186', '1', '1', '1');
INSERT INTO `value_explain` VALUES ('0E070947ED2F47E7A60BE8D9ACBBD3BB', '644684800B3242E3B2BECADE1AD236E8', '2', '验证码错误', '3');
INSERT INTO `value_explain` VALUES ('17F69D53814E402F9722447AA6C7D349', '663FC3A228154C928074401CFBFFBD24', '1', '取消成功', '1');
INSERT INTO `value_explain` VALUES ('1DD91D478FB94C4CB84AAD3F49E3C3C4', '13BD03ECAA4A4591AF0CAA213E6DF27D', '404', 'sessionId失效', '4');
INSERT INTO `value_explain` VALUES ('20AC174AD7394207ACA6604076F24D62', '642779B657764C83B1697DCD04AE3A59', '500', '参数错误', '3');
INSERT INTO `value_explain` VALUES ('20FB381DD41C478F92050EC3F2BFFE6D', '98D31D281C5948FAB31C5C43E1E5338F', '0', '手机号码格式错误', '3');
INSERT INTO `value_explain` VALUES ('263808F74BFE42B8A01ABCFA64C4285B', '89A6735E98874012810D5DFA9C0E384B', 'GOLD', '金币', '2');
INSERT INTO `value_explain` VALUES ('27BC0CA12AF5454192CDCBCAB36D0E9B', '787D33F5EE7041B2A8C6262377C324F8', '1', '成功', '1');
INSERT INTO `value_explain` VALUES ('31D4F2468696438189197F2D5D7A2F31', '13BD03ECAA4A4591AF0CAA213E6DF27D', '0', '失败', '1');
INSERT INTO `value_explain` VALUES ('32D16A6492784003921513B8A2A7D4D3', '5029D43B84F9490D964A463749089807', 'f', 'f', '1');
INSERT INTO `value_explain` VALUES ('39006371AE9044DFB80C3035C1F528D4', '1DC9A6127EAB441BA045BE8F4F3EF104', '1', '收藏成功', '1');
INSERT INTO `value_explain` VALUES ('39651BC6301E4E298880D24EB74CB5FF', '2EF64005099244EF910653BC13870B63', '1', '保存', '1');
INSERT INTO `value_explain` VALUES ('3CE9B5526D0C43078CD398BE110F38EE', '29EC331C04D14337928E7642FC84A225', '1', '成功', '1');
INSERT INTO `value_explain` VALUES ('3F98A46138F54D46BC016480E770957C', '1104902CDE244665A2DE030078983FCA', 'false', '否', '2');
INSERT INTO `value_explain` VALUES ('41FC7BEE12B7402883262D4B641325E1', 'D250285F8F454B97BD69B438B2710C9D', 'f', 'f', '1');
INSERT INTO `value_explain` VALUES ('461C1E01CB7D43AFA5678D1EB698D712', 'AA359EDABFE04753A93F4382635AF0AF', 'NOTPAY', '未支付', '1');
INSERT INTO `value_explain` VALUES ('490BCB8163034AF6AAA97071A29DCC93', '5B7F48D7C78041359130C4D9A96AFD84', '2', '存在正在挑战的名校', '2');
INSERT INTO `value_explain` VALUES ('4CA59441FD56426C82F2D786E61B1A75', 'AA359EDABFE04753A93F4382635AF0AF', 'SUCCESS', '支付成功', '1');
INSERT INTO `value_explain` VALUES ('4D949BBD7A4241A596A0E2CCA4944C76', '1104902CDE244665A2DE030078983FCA', 'true', '是', '1');
INSERT INTO `value_explain` VALUES ('54373C7F573A4A6C9C0E8E22798EF738', '1DC9A6127EAB441BA045BE8F4F3EF104', '0', '已经收藏', '2');
INSERT INTO `value_explain` VALUES ('58DC86FAA49D4ABB804804F8C99E43B7', '13BD03ECAA4A4591AF0CAA213E6DF27D', '500', '参数错误', '3');
INSERT INTO `value_explain` VALUES ('5A7F3FA965CB4F3C935D9D90748ADA5D', '6219EE43406D47A9A7274A4E5AB521E5', '2', '手机号未注册', '2');
INSERT INTO `value_explain` VALUES ('639208ACDFEA4A87B9B8BD1D0B05EB2C', '98D31D281C5948FAB31C5C43E1E5338F', '500', '参数错误', '2');
INSERT INTO `value_explain` VALUES ('6401361A3B0B436E8993D8552252D230', '89A6735E98874012810D5DFA9C0E384B', 'EXP', '经验', '1');
INSERT INTO `value_explain` VALUES ('67F0B6CC7E684D43BE1C5F68EAE469D9', '6219EE43406D47A9A7274A4E5AB521E5', '3', '登录异常', '3');
INSERT INTO `value_explain` VALUES ('67FF0E735F68480E87C262B4A9ED36F1', '0C15AD1BDB434A9AB958C35521C41645', 'SUCCESS', '成功', '1');
INSERT INTO `value_explain` VALUES ('6896A601235747E1A9792B2F21672C37', 'F725FB815A1747EF827AAE5F995920CE', 'true', '是', '1');
INSERT INTO `value_explain` VALUES ('6BB6DEA4C58644088E3787B43412BB1A', '642779B657764C83B1697DCD04AE3A59', '0', '提交失败', '2');
INSERT INTO `value_explain` VALUES ('6C3AFCB8491E4073B429D0831637ACD5', '151F23C814074959813CE6588E341250', '404', 'sessionId已失效', '4');
INSERT INTO `value_explain` VALUES ('7075F8BA9EA644A9B3711F782DDE664D', '663FC3A228154C928074401CFBFFBD24', '0', '取消失败（可能是收藏不存在）', '1');
INSERT INTO `value_explain` VALUES ('72D3527CB1864B93AF72454DDF1CA99C', '2EF64005099244EF910653BC13870B63', '0', '保存失败', '1');
INSERT INTO `value_explain` VALUES ('743858749A0B4CD2AB06BD2CCA7FFE23', '644684800B3242E3B2BECADE1AD236E8', '500', '参数错误', '4');
INSERT INTO `value_explain` VALUES ('7485C8B4FA5A4A05A38390581358081D', '644684800B3242E3B2BECADE1AD236E8', '0', '手机号也被注册', '1');
INSERT INTO `value_explain` VALUES ('912AE7E713DA435BB61D8A55F997E258', '5029D43B84F9490D964A463749089807', 'g', 'g', '1');
INSERT INTO `value_explain` VALUES ('93624EA0FF1044158C2135D500337B8D', null, 'SUCCESS', '响应成功', '1');
INSERT INTO `value_explain` VALUES ('A1877001B3814FE499746FCC60774F37', '4035A20617844A12A515F73C29372176', '2', '手机号码没有注册', '3');
INSERT INTO `value_explain` VALUES ('A2C742B80FE6413B82DB285A13A4F1CF', '151F23C814074959813CE6588E341250', '500', '参数错误', '3');
INSERT INTO `value_explain` VALUES ('AE581E2AFE4E477FAAB9D2CC7EC7A590', '4035A20617844A12A515F73C29372176', '1', '成功', '2');
INSERT INTO `value_explain` VALUES ('AFA4C4CADC2E43078A34BD7A0F9A4CC1', '98D31D281C5948FAB31C5C43E1E5338F', '1', '成功', '1');
INSERT INTO `value_explain` VALUES ('B3EB2764F2D743C58D55F5D4E9666EDA', '4035A20617844A12A515F73C29372176', '500', '参数错误', '4');
INSERT INTO `value_explain` VALUES ('B7A7128D620B4B4D90B0F32CF2C8EBBB', '151F23C814074959813CE6588E341250', '1', '成功', '2');
INSERT INTO `value_explain` VALUES ('C0FA5DDD2D8147A290EF5DAD818E7532', '4035A20617844A12A515F73C29372176', '0', '失败', '1');
INSERT INTO `value_explain` VALUES ('C97E68784F04499FA6599E0DB3338EE3', 'F725FB815A1747EF827AAE5F995920CE', 'false', '否', '2');
INSERT INTO `value_explain` VALUES ('CD8525C01BA54AD28BF89DDE7047D4BF', '0C15AD1BDB434A9AB958C35521C41645', 'NOTPAY', '未支付', '1');
INSERT INTO `value_explain` VALUES ('D273BAD2385449BFB6BDD2013898B53D', '6219EE43406D47A9A7274A4E5AB521E5', '500', '参数错误', '4');
INSERT INTO `value_explain` VALUES ('DBC147FDCFD64553A4DBC87C9EA1D707', '151F23C814074959813CE6588E341250', '0', '失败', '1');
INSERT INTO `value_explain` VALUES ('E58DDB63632A410B85119E3BB19DF3EC', '6219EE43406D47A9A7274A4E5AB521E5', '0', '密码错误', '1');
INSERT INTO `value_explain` VALUES ('E8C00DDC7C8E4B10BA35169CC3594DE6', 'D3487258737D4A6D829841DD7A2CB961', '1', '成功', '1');
INSERT INTO `value_explain` VALUES ('EF7E71B9C45C4E5482186C610568C700', '13BD03ECAA4A4591AF0CAA213E6DF27D', '1', '成功', '2');
INSERT INTO `value_explain` VALUES ('F898AC631AB048BA8A0F5EA917CF97C6', '642779B657764C83B1697DCD04AE3A59', '1', '提交成功', '1');
INSERT INTO `value_explain` VALUES ('FF06DC5A45E7439F9F4E148303C7472F', '644684800B3242E3B2BECADE1AD236E8', '1', '注册成功', '2');
